Station,borough,Line,2017 Weekday,2017 Weekend,#,2012 Weekday,2012 Weekend,2013 Weekday,2013 Weekend,2014 Weekday,2014 Weekend,2015 Weekday,2015 Weekend,2016 Weekday,2016 Weekend,2016-2017 Weekday Change,2016-2017 Weekend Change,2017 Weekday Rank,2017 Weekend Rank,F20,F22,Latitude,Longitude,Notes,Number of Records,Fips
1st Avenue,Manhattan,L,21823,28252,1,22436.0,30928.0,23467.0,32724.0,24286.0,35581.0,23789.0,30185.0,23195.0,3217.0,-1372.0,-3918.0,65.0,41,-1.22,-0.59,40.730974976,-73.981680875,L-all times,1,103
103rd Street - 1,Manhattan,1,12818,15651,2,13557.0,17811.0,13501.0,18131.0,13318.0,14644.0,13309.0,15829.0,13246.0,16603.0,-428.0,-953.0,128.0,99,-0.57,-0.32,40.799446,-73.968379,1-all times,1,107
103rd Street - 4-6,Manhattan,4-6-6 Express,14337,13921,3,15721.0,16997.0,16189.0,16793.0,16641.0,17608.0,13057.0,13014.0,13994.0,13963.0,343.0,-43.0,110.0,122,-0.03,0.25,40.7906,-73.947478002,"4-nights, 6-all times, 6 Express-weekdays AM southbound, PM northbound",1,111
103rd Street - A-B-C,Manhattan,A-B-C,4674,5191,4,4659.0,5599.0,4761.0,5799.0,4832.0,5947.0,4801.0,5458.0,4776.0,4817.0,-102.0,374.0,308.0,286,0.78,-0.21,40.79606074,-73.961370083,"A-nights, B-weekdays and evenings, C-all times exc nights",1,164
103rd Street - Corona Plaza,Queens,7,20101,25432,5,18984.0,25246.0,19216.0,26098.0,19814.0,25974.0,20044.0,26056.0,20282.0,24283.0,-181.0,1149.0,72.0,46,0.47,-0.09,40.749865001,-73.862699998,7-all times,1,404
104th Street - A-S,Queens,A-S,1901,1425,6,1725.0,1401.0,1736.0,1351.0,1333.0,887.0,1891.0,1014.0,2189.0,1232.0,-289.0,193.0,400.0,398,1.57,-1.32,40.681711001,-73.837683001,"S Euclid Av to Ozone Park-Lefferts Blvd-nights, A-all other times",1,410
104th Street - J-Z,Queens,J-Z,1727,1123,7,2553.0,2108.0,2575.0,2251.0,2659.0,2763.0,2711.0,2774.0,2758.0,2686.0,-1031.0,-1563.0,405.0,404,-5.82,-3.74,40.695165998,-73.844435,"Z-rush hours AM westbound, PM eastbound, J-all other times",1,409
110th Street,Manhattan,4-6-6 Express,11932,12893,8,11908.0,13944.0,12162.0,13682.0,12452.0,14381.0,13409.0,14497.0,13341.0,146.0,-1409.0,-1707.0,136.0,133,-1.17,-1.06,40.79502,-73.944249997,"4-nights, 6-all times, 6 Express-weekdays AM southbound, PM northbound",1,111
111th Street - 7,Queens,7,11384,15141,9,10655.0,14741.0,10914.0,15183.0,11091.0,15279.0,11198.0,15536.0,11421.0,15324.0,-37.0,-184.0,143.0,104,-0.12,-0.03,40.751729999,-73.855333998,7-all times,1,403
111th Street - AS,Queens,A-S,2571,1754,11,2728.0,2102.0,2718.0,1902.0,2815.0,1558.0,2727.0,1303.0,1947.0,1192.0,624.0,562.0,382.0,392,4.71,3.2,40.684331,-73.832162998,"S Euclid Av to Ozone Park-Lefferts Blvd-nights, A-all other times",1,410
111th Street - J,Queens,J,3235,2296,11,2613.0,2021.0,2605.0,2131.0,2596.0,2594.0,2627.0,263.0,2607.0,2566.0,628.0,-270.0,366.0,379,-1.05,2.41,40.697114811,-73.836793385,J-all times,1,409
116th Street - 2-3,Manhattan,2-3 train,11553,14583,12,11101.0,14811.0,11508.0,14411.0,11787.0,15501.0,12196.0,15487.0,1209.0,14435.0,-537.0,148.0,141.0,112,0.1,-0.44,40.802097999,-73.949625001,"2,3-all times",1,110
116th Street - 4-6,Manhattan,4-6-6 Express,15899,18846,13,16514.0,20749.0,16675.0,20263.0,16674.0,20611.0,16702.0,19593.0,16707.0,19733.0,-808.0,-887.0,94.0,83,-0.45,-0.48,40.798629,-73.941616998,"4-nights, 6-all times, 6 Express-weekdays AM southbound, PM northbound",1,111
116th Street - A-B-C,Manhattan,A-B-C,7232,7673,14,6328.0,7647.0,6594.0,8172.0,7005.0,8287.0,7215.0,7514.0,7417.0,7077.0,-185.0,596.0,222.0,218,0.84,-0.25,40.805058133,-73.954797781,"A-nights, B-weekdays and evenings, C-all times exc nights",1,110
116th Street - Columbia University,Manhattan,1,15263,13115,15,16283.0,16047.0,16363.0,16166.0,16461.0,13256.0,16132.0,13547.0,15861.0,13853.0,-598.0,-73.8,101.0,128,-0.53,-0.38,40.807722001,-73.964109998,1-all times,1,109
121st Street,Queens,J-Z,1135,8581,16,2218.0,1991.0,2222.0,2249.0,2397.0,2861.0,2462.0,2973.0,2501.0,2872.0,-1365.0,-2014.0,412.0,415,-7.01,-5.46,40.700481999,-73.828349,"Z-rush hours AM westbound, PM eastbound, J-all other times",1,409
125th Street - 1,Manhattan,1,7584,9379,17,7857.0,10889.0,7995.0,11257.0,8077.0,9469.0,7991.0,9482.0,7794.0,9797.0,-210.0,-418.0,211.0,184,-0.43,-0.27,40.815581,-73.958372001,1-all times,1,109
125th Street - 2-3,Manhattan,2-3 train,15692,1966,18,14471.0,18686.0,15351.0,18547.0,15744.0,20142.0,15986.0,19311.0,15719.0,1794.0,-27.0,172.0,97.0,79,0.96,-0.02,40.807753999,-73.945495,"2,3-all times",1,110
125th Street - 4-5-6,Manhattan,4-5-6-6 Express,29065,31307,19,28913.0,31873.0,29425.0,33091.0,30168.0,34841.0,30277.0,34541.0,30024.0,32501.0,-959.0,-1194.0,34.0,34,-0.37,-0.32,40.804138001,-73.937594001,"4,6-all times, 5-all times exc nights, 6 Express-weekdays AM southbound, PM northbound",1,111
125th Street - A-B-C-D,Manhattan,A-B-C-D,2868,37694,21,26276.0,34011.0,27395.0,35998.0,28428.0,38766.0,29062.0,39729.0,29423.0,38587.0,-743.0,-893.0,36.0,24,-0.23,-0.25,40.811071673,-73.952247997,"A,D-all times, B-weekdays and evenings, C-all times exc nights",1,110
135th Street - 2-3,Manhattan,2-3 train,15023,17462,21,14121.0,17351.0,1469.0,17071.0,15335.0,18837.0,15598.0,17916.0,15446.0,16887.0,-423.0,575.0,103.0,89,0.34,-0.27,40.814229,-73.940770001,"2,3-all times",1,110
135th Street - A-B-C,Manhattan,A-B-C,5771,5127,22,5409.0,5165.0,5592.0,5516.0,5621.0,5529.0,5575.0,5036.0,5785.0,4743.0,-15.0,384.0,269.0,288,0.81,-0.03,40.817905559,-73.947534809,"A-nights, B-weekdays and evenings, C-all times exc nights",1,110
137th Street - City College,Manhattan,1,14049,15844,23,14854.0,16874.0,14947.0,18805.0,14768.0,14213.0,14798.0,16107.0,1446.0,16055.0,-411.0,-211.0,113.0,96,-0.13,-0.28,40.822008,-73.953676001,1-all times,1,109
138th Street - Grand Concourse,Bronx,4-5 train,3486,2793,24,3183.0,2648.0,3222.0,2541.0,3416.0,3017.0,3481.0,3136.0,3532.0,3123.0,-46.0,-330.0,347.0,365,-1.06,-0.13,40.813224,-73.929848999,"4-all times, skips rush hours AM southbound, PM northbound, 5-all times exc nights",1,201
14th Street - A-C-E-L,Manhattan,A-C-E-L,43434,57625,25,40991.0,51356.0,42718.0,55956.0,43953.0,58298.0,45253.0,599.0,4468.0,58605.0,-1246.0,-980.0,20.0,13,-0.17,-0.28,40.739776666,-74.002578001,"A,E,L-all times, C-all times exc nights",1,104
14th Street - 1-2-3-F-M,Manhattan,1-2-3-F-M,48565,52840,26,49237.0,58546.0,49316.0,60933.0,49991.0,64712.0,50335.0,61431.0,50692.0,59127.0,-2127.0,-6287.0,16.0,16,-1.06,-0.42,40.738228,-73.996208999,"1,2,F-all times, 3-all times exc nights, M-weekdays and evenings",1,104
14th Street - Union Square,Manhattan,4-5-6-6 Express-L-N-Q-R-W,107141,135996,27,108.0,140855.0,108158.0,144163.0,109472.0,144539.0,108441.0,143123.0,106718.0,130777.0,423.0,5219.0,4.0,2,0.4,0.04,40.734673001,-73.989950999,"4,6-all times, 5-all times exc nights, 6 Express-weekdays AM southbound, PM northbound, L,N,Q-all times, R-all times exc nights",1,105
145th Street - 1,Manhattan,1,9863,12936,28,9952.0,14616.0,9931.0,13589.0,10099.0,14487.0,10112.0,13951.0,10039.0,14015.0,-176.0,-1079.0,166.0,131,-0.77,-0.18,40.826551,-73.950359999,1-all times,1,109
145th Street - 3,Manhattan,3,3541,3561,29,3273.0,3594.0,3426.0,3685.0,3631.0,3495.0,3664.0,3738.0,3591.0,3133.0,-50.0,428.0,344.0,336,1.37,-0.14,40.820421,-73.936244999,"3-all times, exit only northbound",1,110
145th Street - A-B-C-D,Manhattan,A-B-C-D,23932,29988,31,22125.0,27736.0,22879.0,29522.0,23805.0,31573.0,24307.0,31882.0,24604.0,30729.0,-672.0,-741.0,55.0,36,-0.24,-0.27,40.824766361,-73.944087928,"A,D-all times, B-weekdays and evenings, C-all times exc nights",1,109
149th Street - Grand Concourse,Bronx,2-4-5 train,14063,12623,31,13599.0,13024.0,14381.0,14202.0,14576.0,15326.0,14465.0,13683.0,1446.0,12797.0,-397.0,-174.0,112.0,137,-0.14,-0.27,40.818303444,-73.927384754,"2,4-all times, 5-all times exc nights",1,201
15th Street - Prospect Park,Brooklyn,F-G,6272,5968,32,6018.0,6358.0,6448.0,6658.0,6495.0,6651.0,6385.0,7103.0,6342.0,6272.0,-70.0,-304.0,250.0,262,-0.48,-0.11,40.660035688,-73.979735806,"F,G-all times",1,307
155th Street - B-D,Manhattan,B-D,3804,4448,33,3947.0,4906.0,3948.0,5014.0,4022.0,4998.0,4038.0,5059.0,4052.0,4996.0,-248.0,-548.0,336.0,307,-1.1,-0.61,40.830135,-73.938208998,"B-rush hours, D-all times, skips rush hours AM southbound, PM northbound",1,110
155th Street - A-C,Manhattan,A-C,2715,3609,34,2491.0,3212.0,2529.0,3277.0,2586.0,3563.0,2596.0,3326.0,2733.0,3368.0,-18.0,241.0,379.0,334,0.72,-0.07,40.830517999,-73.941514001,"A-nights, C-all other times",1,109
157th Street,Manhattan,1,10802,13683,35,10331.0,14552.0,10677.0,13471.0,10822.0,13191.0,10918.0,13403.0,10928.0,13735.0,-126.0,-52.0,150.0,125,-0.04,-0.12,40.834041,-73.944889999,1-all times,1,112
161st Street - Yankee Stadium,Bronx,4-B-D,26674,33398,36,27604.0,35821.0,26972.0,35071.0,27541.0,36176.0,27021.0,36969.0,26947.0,35171.0,-273.0,-1773.0,42.0,29,-0.5,-0.1,40.828230327,-73.925691995,"4-all times, B-rush hours, D-all times, skips rush hours AM southbound, PM northbound",1,204
163rd Street - Amsterdam Avenue,Manhattan,A-C,4436,5669,37,3849.0,4881.0,4081.0,5101.0,4271.0,5553.0,4341.0,5302.0,4513.0,5471.0,-77.0,198.0,317.0,268,0.36,-0.17,40.836012999,-73.939892002,"A-nights, C-all other times",1,112
167th Street - 4,Bronx,4,9466,9981,38,9699.0,11188.0,9904.0,10176.0,9793.0,10417.0,9923.0,11942.0,9972.0,11579.0,-506.0,-1598.0,174.0,172,-1.38,-0.51,40.835536999,-73.921399998,4-all times,1,204
167th Street - B-D,Bronx,B-D,10223,12682,39,9264.0,11924.0,9374.0,12887.0,9906.0,13221.0,10166.0,12891.0,10439.0,12775.0,-216.0,-93.0,162.0,136,-0.07,-0.21,40.833768999,-73.918432001,"B-rush hours, D-all times, skips rush hours AM southbound, PM northbound",1,204
168th Street,Manhattan,1-A-C,25589,26637,41,24581.0,24961.0,25041.0,27877.0,25659.0,28757.0,25845.0,26334.0,25879.0,29951.0,-290.0,-3313.0,48.0,43,-1.11,-0.11,40.840719,-73.939561,"1,A-all times, C-all times exc nights",1,112
169th Street,Queens,F,8671,7789,41,8944.0,9576.0,9042.0,9758.0,9106.0,9811.0,9138.0,9757.0,9016.0,8924.0,-345.0,-1135.0,194.0,217,-1.27,-0.38,40.710517503,-73.793474199,F-all times,1,412
170th Street - 4,Bronx,4,8910,9482,42,9518.0,10952.0,9525.0,9768.0,9403.0,9961.0,9507.0,11398.0,9514.0,11161.0,-604.0,-1679.0,186.0,182,-1.5,-0.63,40.840075,-73.917790997,4-all times,1,204
170th Street - B-D,Bronx,B-D,7089,8558,43,6303.0,8324.0,6563.0,9216.0,6988.0,9491.0,7101.0,8737.0,7225.0,8633.0,-136.0,-75.0,230.0,199,-0.09,-0.19,40.839306,-73.913399998,"B-rush hours, D-all times, skips rush hours AM southbound, PM northbound",1,204
174th Street,Bronx,2-5 train,7466,7974,44,7018.0,7211.0,7339.0,7907.0,7599.0,8003.0,7619.0,6797.0,769.0,8183.0,-224.0,-209.0,213.0,214,-0.26,-0.29,40.83719555,-73.887693598,"2-all times, 5-all times exc nights, skips rush hours AM southbound, PM northbound",1,203
174-175th Streets,Bronx,B-D,5475,6298,45,4706.0,5833.0,4885.0,6499.0,5301.0,6777.0,5312.0,6271.0,5519.0,628.0,-44.0,18.0,279.0,251,0.03,-0.08,40.8459,-73.910136001,"B-rush hours, D-all times, skips rush hours AM southbound, PM northbound",1,205
175th Street,Manhattan,A,13217,13754,46,12914.0,14568.0,13309.0,13982.0,13461.0,13877.0,13224.0,15221.0,13377.0,11504.0,-160.0,225.0,124.0,124,1.96,-0.12,40.847391001,-73.939703998,A-all times,1,112
176th Street,Bronx,4,6232,6549,47,5623.0,6508.0,5905.0,6067.0,5914.0,6217.0,6161.0,7318.0,6378.0,7459.0,-146.0,-910.0,252.0,245,-1.22,-0.23,40.848480001,-73.911793999,4-all times,1,205
18th Avenue - D,Brooklyn,D,6196,6807,48,5544.0,4961.0,6162.0,7057.0,6326.0,7032.0,6242.0,6073.0,6413.0,6681.0,-217.0,126.0,253.0,241,0.19,-0.34,40.607735732,-74.001592592,D-all times,1,311
18th Avenue - F,Brooklyn,F,4318,3271,49,4221.0,4328.0,4204.0,4398.0,4051.0,4465.0,4458.0,4663.0,4441.0,3787.0,-122.0,-516.0,322.0,347,-1.36,-0.27,40.629754666,-73.976971,F-all times,1,314
18th Avenue - N,Brooklyn,N,3107,3695,51,5507.0,8083.0,5092.0,6296.0,5491.0,6865.0,5502.0,6996.0,2266.0,2602.0,841.0,1093.0,369.0,331,4.2,3.71,40.620686998,-73.990453999,N-all times,1,311
18th Street,Manhattan,1-2 train,8680,7274,51,8437.0,7867.0,8505.0,7818.0,8638.0,7883.0,8801.0,8145.0,8903.0,7759.0,-223.0,-485.0,193.0,227,-0.63,-0.25,40.74104,-73.997871001,"1-all times, 2-nights",1,104
181st Street - 1,Manhattan,1,11693,14196,52,10978.0,13682.0,11228.0,13652.0,11673.0,14173.0,11851.0,1386.0,11578.0,14919.0,115.0,-723.0,140.0,117,-0.48,0.1,40.849505,-73.933596,1-all times,1,112
181st Street - A,Manhattan,A,10981,12101,53,10223.0,12549.0,10404.0,12103.0,10861.0,12667.0,11237.0,14129.0,11294.0,10509.0,-313.0,1592.0,149.0,142,1.51,-0.28,40.851695,-73.937969002,A-all times,1,112
182-183rd Streets,Bronx,B-D,4990,5623,54,4507.0,5807.0,4554.0,6617.0,4813.0,6939.0,5021.0,6661.0,5177.0,6574.0,-187.0,-951.0,296.0,269,-1.45,-0.36,40.856092999,-73.900741,"B-rush hours, D-all times, skips rush hours AM southbound, PM northbound",1,205
183rd Street,Bronx,4,6271,7426,55,6319.0,7588.0,6361.0,6967.0,6356.0,7056.0,6372.0,7944.0,6443.0,7786.0,-172.0,-360.0,251.0,225,-0.46,-0.27,40.858407,-73.903879002,4-all times,1,205
190th Street,Manhattan,A,4719,5411,56,4592.0,5974.0,4546.0,5798.0,4549.0,5531.0,4683.0,6231.0,4748.0,4546.0,-29.0,864.0,305.0,276,1.9,-0.06,40.859021999,-73.93418,A-all times,1,112
191st Street,Manhattan,1,8419,9547,57,8042.0,9138.0,8258.0,9028.0,8581.0,9381.0,8619.0,9434.0,8545.0,10023.0,-126.0,-476.0,195.0,181,-0.47,-0.15,40.855225002,-73.929411997,1-all times,1,112
2nd Avenue,Manhattan,F,16675,20998,58,17541.0,24235.0,17801.0,27022.0,17183.0,25696.0,17355.0,26503.0,17059.0,26234.0,-384.0,-5236.0,89.0,68,-2.0,-0.23,40.723401666,-73.989938,F-all times,1,103
20th Avenue - D,Brooklyn,D,5009,5584,59,4556.0,4287.0,4859.0,5658.0,4921.0,5621.0,5115.0,5252.0,5268.0,5656.0,-259.0,-72.0,295.0,271,-0.13,-0.49,40.604676998,-73.998174322,D-all times,1,311
20th Avenue - N,Brooklyn,N,2139,2194,61,4091.0,4061.0,4191.0,4026.0,4277.0,3946.0,4223.0,3701.0,1348.0,1176.0,791.0,1018.0,391.0,383,8.66,5.87,40.617109,-73.984521998,N-all times,1,311
207th Street,Manhattan,1,6524,8116,61,6954.0,8484.0,6098.0,7565.0,6336.0,7954.0,6514.0,7858.0,6562.0,8673.0,-38.0,-557.0,243.0,212,-0.64,-0.06,40.864614001,-73.918819001,1-all times,1,112
21st Street,Queens,G,1863,2252,62,1478.0,1841.0,1309.0,1636.0,1265.0,1958.0,1564.0,2488.0,1735.0,2528.0,128.0,-276.0,401.0,381,-1.09,0.74,40.744128666,-73.9496,G-all times,1,402
21st Street - Queensbridge,Queens,F,10209,1035,63,8749.0,8532.0,8761.0,7288.0,8914.0,7511.0,9447.0,8754.0,9779.0,9461.0,430.0,890.0,163.0,163,0.94,0.44,40.753739271,-73.941937615,F-all times,1,401
215th Street,Manhattan,1,1988,2108,64,1996.0,1858.0,2078.0,2023.0,2057.0,1893.0,2012.0,191.0,2001.0,2342.0,-13.0,-234.0,396.0,387,-1.0,-0.06,40.869443999,-73.915279,1-all times,1,112
219th Street,Bronx,2-5 train,3439,3091,65,3413.0,3827.0,3483.0,3889.0,3544.0,4056.0,3529.0,3837.0,3423.0,32.0,16.0,-109.0,350.0,354,-0.34,0.05,40.883887975,-73.862509708,"2-all times, 5-rush hours AM southbound, PM northbound",1,212
225th Street,Bronx,2-5 train,4340,4003,66,4469.0,4838.0,4479.0,4754.0,4593.0,5043.0,4591.0,4935.0,4408.0,4403.0,-68.0,-400.0,321.0,321,-0.91,-0.15,40.888028259,-73.860214618,"2-all times, 5-rush hours AM southbound, PM northbound",1,212
23rd Street - 1-2,Manhattan,1-2 train,14763,14948,67,14931.0,16991.0,15283.0,17138.0,15542.0,17167.0,15451.0,1764.0,15062.0,15941.0,-299.0,-993.0,105.0,106,-0.62,-0.2,40.744081,-73.995657002,"1-all times, 2-nights",1,104
23rd Street - 4-6,Manhattan,4-6-6 Express,28479,19273,68,31053.0,21335.0,31777.0,20735.0,31212.0,20246.0,29972.0,18388.0,29452.0,19249.0,-973.0,24.0,37.0,81,0.01,-0.33,40.739864,-73.986599002,"4-nights, 6-all times, 6 Express-weekdays AM southbound, PM northbound",1,105
23rd Street - N-Q-R-W,Manhattan,N-Q-R-W,25007,24108,69,22981.0,19597.0,22761.0,20605.0,24061.0,22743.0,25973.0,25157.0,26693.0,24898.0,-1686.0,-790.0,49.0,51,-0.32,-0.63,40.741302667,-73.989344001,"N-all times, Q-nights, R-all times exc nights",1,105
23rd Street - A-C-E,Manhattan,A-C-E,24161,23444,71,23572.0,23119.0,24782.0,24391.0,25261.0,25871.0,25731.0,23887.0,24569.0,23549.0,-408.0,-105.0,54.0,56,-0.04,-0.17,40.745905999,-73.998041001,"A-nights, C-all other times, E-all times",1,104
23rd Street - F-M,Manhattan,F-M,30758,15508,71,27977.0,20121.0,28749.0,20881.0,29327.0,22545.0,30652.0,21257.0,31078.0,19973.0,-320.0,-4465.0,31.0,102,-2.24,-0.1,40.742954318,-73.992765005,"F-all times, M-weekdays and evenings",1,105
231st Street,Bronx,1,9774,9761,72,9187.0,9704.0,8951.0,8676.0,9372.0,9568.0,9596.0,948.0,9749.0,9561.0,25.0,199.0,168.0,177,0.21,0.03,40.878855998,-73.904834001,1-all times,1,208
233rd Street,Bronx,2-5 train,5138,4707,73,5388.0,5971.0,5473.0,5956.0,5701.0,6434.0,5632.0,6007.0,5438.0,5501.0,-300.0,-794.0,288.0,301,-1.44,-0.55,40.893143241,-73.857362395,"2-all times, 5-rush hours AM southbound, PM northbound",1,212
238th Street,Bronx,1,4371,4174,74,3612.0,3716.0,3598.0,3199.0,3934.0,3801.0,4068.0,3719.0,4351.0,3977.0,20.0,197.0,320.0,313,0.5,0.05,40.884667001,-73.90087,"1-all times, exit only northbound",1,208
25th Avenue,Brooklyn,D,5790,5798,75,4046.0,3531.0,4607.0,4536.0,4761.0,5053.0,4886.0,4827.0,6507.0,6064.0,-717.0,-266.0,267.0,264,-0.44,-1.1,40.597703667,-73.986829,D-all times,1,311
25th Street,Brooklyn,D-N-R,4547,4012,76,3821.0,4431.0,3821.0,4501.0,3959.0,4895.0,3847.0,4434.0,3788.0,4071.0,759.0,-59.0,312.0,318,-0.14,2.0,40.660396667,-73.998091,"D,N-nights, R-all other times",1,307
28th Street - 1-2,Manhattan,1-2 train,14740,11152,77,14597.0,12833.0,15149.0,12732.0,15568.0,13004.0,15621.0,12742.0,15253.0,12098.0,-513.0,-946.0,107.0,155,-0.78,-0.34,40.747214999,-73.993365001,"1-all times, 2-nights",1,105
28th Street - 4-6,Manhattan,4-6-6 Express,23081,17989,78,22715.0,18664.0,23696.0,19269.0,23856.0,19026.0,24471.0,18121.0,2413.0,18646.0,-1049.0,-657.0,59.0,86,-0.35,-0.43,40.743069999,-73.984264001,"4-nights, 6-all times, 6 Express-weekdays AM southbound, PM northbound",1,105
28th Street - N-Q-R-W,Manhattan,N-Q-R-W,13256,12887,79,11502.0,9883.0,11607.0,10401.0,12407.0,11795.0,13271.0,13006.0,1368.0,13195.0,-424.0,-308.0,121.0,134,-0.23,-0.31,40.745454,-73.988698001,"N-all times, R-all times exc nights, part time",1,105
3rd Avenue,Manhattan,L,6934,10336,81,6532.0,10073.0,6803.0,10761.0,7193.0,11875.0,7141.0,10481.0,7179.0,1142.0,-245.0,-1084.0,233.0,164,-0.95,-0.34,40.732691,-73.985750001,L-all times,1,106
3rd Avenue - 138th Street,Bronx,6-6 Express,8114,8331,81,7326.0,8671.0,7667.0,9026.0,7951.0,9364.0,7994.0,9113.0,8008.0,8543.0,106.0,-212.0,197.0,205,-0.25,0.13,40.810476001,-73.926138,"6-all times, 6 Express-weekdays AM southbound, PM northbound",1,201
3rd Avenue - 149th Street,Bronx,2-5 train,24228,23901,82,24581.0,25356.0,24001.0,21891.0,25161.0,24819.0,24813.0,19003.0,24808.0,23393.0,-580.0,508.0,53.0,53,0.22,-0.23,40.816029253,-73.917791528,"2-all times, 5-all times exc nights",1,201
30th Avenue,Queens,N-W,11381,10161,83,14515.0,18212.0,14802.0,18571.0,14897.0,18683.0,14771.0,18131.0,14739.0,17197.0,-3358.0,-7036.0,144.0,171,-4.09,-2.28,40.766778667,-73.921479,"N-all times, W part time",1,401
33rd Street,Manhattan,4-6-6 Express,30040,23708,84,31877.0,25926.0,32783.0,26004.0,32863.0,26363.0,32809.0,24782.0,32153.0,25391.0,-2113.0,-1683.0,32.0,54,-0.66,-0.66,40.746080999,-73.982076001,"4-nights, 6-all times, 6 Express-weekdays AM southbound, PM northbound",1,105
33rd Street-Rawson Street,Queens,7,4682,13302,85,4921.0,,5153.0,13985.0,4964.0,14246.0,4691.0,14256.0,4651.0,13604.0,-873.0,12429.0,132.0,302,0.07,-0.66,40.744587,-73.930997,7-a,1,402
Herald Square,Manhattan,B-D-F-M-N-Q-R-W,127664,132429,86,121121.0,125297.0,122517.0,128251.0,125355.0,134816.0,126776.0,132961.0,125682.0,126221.0,1982.0,6208.0,3.0,3,0.49,0.16,40.74964456,-73.987936834,"D,F,N,Q-all times, B,M-weekdays and evenings, R-all times exc nights",1,105
34th Street - Hudson Yards,Manhattan,7-7 Express,10082,9941,87,0.0,0.0,0.0,0.0,1.0,0.0,2064.0,3183.0,8507.0,9618.0,1575.0,323.0,164.0,174,0.34,1.85,40.75544636,-74.002197094,"7-all times, 7 Express-rush hours AM westbound, PM eastbound",1,104
34th Street - Penn Station - 1-2-3,Manhattan,1-2-3 train,85585,78533,88,88929.0,87177.0,90042.0,87791.0,92693.0,92317.0,92176.0,8877.0,90524.0,84702.0,-4939.0,-6169.0,6.0,7,-0.73,-0.55,40.750373,-73.991056999,"1,2,3-all times",1,105
34th Street - Penn Station - A-C-E,Manhattan,A-C-E,78904,78878,89,82511.0,76888.0,83717.0,80788.0,85634.0,86057.0,84778.0,83698.0,82584.0,74992.0,-368.0,3886.0,7.0,6,0.52,-0.45,40.752287001,-73.993391,"A,E-all times, C-all times exc nights",1,105
36th Avenue,Queens,N-W,5525,5084,91,7669.0,9088.0,7688.0,9308.0,7577.0,9385.0,7447.0,918.0,7347.0,865.0,-1822.0,-3566.0,277.0,291,-4.12,-2.48,40.756442001,-73.929861999,"N-all times, W part time",1,401
36th Street - D-N-R,Brooklyn,D-N-R,13894,18871,91,11946.0,14459.0,12059.0,13945.0,12497.0,14553.0,12811.0,1629.0,1318.0,16191.0,714.0,268.0,115.0,82,1.66,0.54,40.655143666,-74.003549,"D,N,R-all times",1,307
36th Street - E-M-R,Queens,E-M-R,4786,2705,92,4502.0,2454.0,4541.0,2269.0,4597.0,2525.0,4733.0,2499.0,4776.0,2545.0,10.0,160.0,303.0,368,0.63,0.02,40.751960044,-73.929018185,"E-nights, R-all other times, M-weekdays and evenings",1,401
39th Avenue,Queens,N-W,3267,2733,93,3044.0,3111.0,3262.0,3346.0,3504.0,3884.0,3391.0,3813.0,3207.0,3631.0,60.0,-898.0,359.0,367,-2.47,0.19,40.752763061,-73.932851377,"N-all times, W part time",1,401
4th Avenue,Brooklyn,D-F-G-N-R,13962,14351,94,13471.0,17155.0,13156.0,15869.0,12835.0,15711.0,13126.0,1586.0,13116.0,14654.0,846.0,-303.0,114.0,114,-0.21,0.65,40.670846667,-73.988302,"F,G-all times, D,N-nights, R-all other times",1,306
40th Street - Lowery Street,Queens,7,10624,10309,95,10919.0,12122.0,11101.0,12069.0,11211.0,11751.0,11053.0,1109.0,11089.0,10421.0,-465.0,-112.0,156.0,166,-0.11,-0.42,40.743781001,-73.924015998,7-all times,1,402
42 Street - Bryant Park,Manhattan,7-7 Express-B-D-F-M,57395,37101,96,51962.0,35251.0,53222.0,36169.0,54289.0,37872.0,55401.0,38673.0,57793.0,40137.0,-398.0,-3036.0,13.0,25,-0.76,-0.07,40.754184001,-73.984590999,"7-all times, 7 Express-rush hours AM westbound, PM eastbound, B,M-weekdays and evenings, D,F-all times",1,105
45th Street,Brooklyn,N-R,7877,7054,97,7071.0,8898.0,6978.0,8689.0,7208.0,8938.0,7265.0,862.0,7055.0,7805.0,822.0,-751.0,198.0,233,-0.96,1.17,40.648938667,-74.010006001,"N-nights, R-all times, skips nights northbound",1,307
46th Street,Queens,E-M-R,9049,8857,98,9482.0,11137.0,9529.0,10818.0,9608.0,10555.0,9439.0,10187.0,9362.0,9461.0,-313.0,-604.0,184.0,195,-0.64,-0.33,40.756316953,-73.91352175,"E-nights, R-all other times, M-weekdays and evenings",1,401
46th Street - Bliss Street,Queens,7,13614,15447,99,14499.0,18491.0,14656.0,18381.0,14634.0,17715.0,14413.0,16827.0,14335.0,16111.0,-721.0,-663.0,116.0,103,-0.41,-0.5,40.743132001,-73.918435001,7-all times,1,402
47-50th Streets - Rockefeller Center,Manhattan,B-D-F-M,61478,33776,101,59749.0,39051.0,61099.0,39972.0,62693.0,41198.0,63803.0,40299.0,62283.0,39633.0,-805.0,-5857.0,10.0,28,-1.48,-0.13,40.758641002,-73.981331002,"B,M-weekdays and evenings, D,F-all times",1,105
49th Street,Manhattan,N-Q-R-W,26519,34714,101,25793.0,31697.0,25356.0,31139.0,26546.0,32745.0,25459.0,2813.0,27077.0,33634.0,-558.0,108.0,43.0,27,0.32,-0.21,40.759801974,-73.984209566,"N-all times, Q-all times exc weekends, R-all times exc nights, W part time",1,105
5th Avenue - 53rd Street,Manhattan,E-M,25746,10451,102,24727.0,10344.0,25939.0,12815.0,26761.0,13416.0,26955.0,13438.0,26566.0,8341.0,-820.0,211.0,47.0,161,2.53,-0.31,40.760086832,-73.975248505,"E-all times, M-weekdays and evenings",1,105
5th Avenue - 59th Street,Manhattan,N-R-W,16871,19704,103,18816.0,22443.0,18394.0,22737.0,19245.0,22921.0,18957.0,21633.0,18637.0,21376.0,-1766.0,-1672.0,85.0,78,-0.78,-0.95,40.764811,-73.973347,"N-all times, R-all times exc nights, W part time",1,164
50th Street - D,Brooklyn,D,3236,2934,104,3172.0,2648.0,3308.0,3233.0,3289.0,3102.0,3221.0,2672.0,3336.0,2902.0,-100.0,32.0,365.0,358,0.11,-0.3,40.636260891,-73.994658781,D-all times,1,312
50th Street - A-C-E,Manhattan,A-C-E,20502,27121,105,17892.0,22505.0,19406.0,24262.0,20993.0,27942.0,20828.0,27921.0,20921.0,26306.0,-419.0,814.0,70.0,42,0.31,-0.2,40.762455999,-73.985984,"A-nights, C-all other times, E-all times",1,104
50th Street - 1-2,Manhattan,1-2 train,25932,21338,106,25931.0,26513.0,26192.0,25883.0,27251.0,27848.0,26927.0,26084.0,26362.0,26277.0,-430.0,-4939.0,46.0,66,-1.88,-0.16,40.761728,-73.983849,"1-all times, 2-nights",1,105
52nd Street,Queens,7,6495,6885,107,6748.0,8221.0,6831.0,8112.0,6951.0,8108.0,6888.0,7725.0,6795.0,7252.0,-300.0,-367.0,244.0,238,-0.51,-0.44,40.744149001,-73.912548999,7-all times,1,402
53rd Street,Brooklyn,N-R,3788,4009,108,7476.0,8897.0,7479.0,8842.0,7512.0,9007.0,7458.0,8678.0,7386.0,8148.0,-3598.0,-4139.0,337.0,319,-5.08,-4.87,40.645068667,-74.014034,"N-nights, R-all times, skips nights northbound",1,307
55th Street,Brooklyn,D,2106,1729,109,1859.0,1445.0,1964.0,1824.0,1981.0,1767.0,2002.0,1525.0,2223.0,1758.0,-117.0,-29.0,393.0,394,-0.16,-0.53,40.631478761,-73.995348826,D-all times,1,312
57th Street,Manhattan,F,15154,13057,111,14743.0,13207.0,15363.0,11094.0,15506.0,11907.0,15725.0,13122.0,15768.0,14693.0,-614.0,-1636.0,102.0,129,-1.11,-0.39,40.764085001,-73.977368001,F-all times,1,105
57th Street - 7th Avenue,Manhattan,N-Q-R-W,35391,42436,111,28044.0,31343.0,28159.0,32616.0,29414.0,33579.0,29976.0,34519.0,30311.0,34509.0,5079.0,7927.0,28.0,22,2.3,1.68,40.764565525,-73.980729734,"N,Q-all times, R-all times exc nights, W-part time",1,105
59th Street,Brooklyn,N-R,16759,19651,112,12317.0,14029.0,12506.0,14372.0,12871.0,14966.0,13048.0,15344.0,13144.0,14917.0,3615.0,4733.0,87.0,81,3.17,2.75,40.641361666,-74.017881,"N,R-all times",1,307
59th Street - Columbus Circle,Manhattan,1-2-A-B-C-D,73105,7987,113,69653.0,7652.0,72236.0,80476.0,74572.0,84152.0,73954.0,8222.0,73836.0,8027.0,-73.1,-400.0,8.0,5,-0.05,-0.1,40.768247001,-73.981929002,"1-all times, 2-nights, A,D-all times, B-weekdays and evenings, C-all times exc nights",1,107
63 Dr-Rego Park,Queens,E-M-R,16323,15512,114,16056.0,17997.0,16334.0,17836.0,16771.0,18386.0,16771.0,17915.0,16868.0,16777.0,-545.0,-1265.0,92.0,101,-0.75,-0.32,40.729763972,-73.861618201,"E-nights, R-all other times, M-weekdays and evenings",1,406
65th Street,Queens,E-M-R,3621,3661,115,3551.0,4453.0,3532.0,4122.0,3647.0,4223.0,3762.0,4289.0,3747.0,4144.0,-126.0,-483.0,343.0,332,-1.17,-0.34,40.749719529,-73.898788378,"E-nights, R-all other times, M-weekdays and evenings",1,402
66th Street - Lincoln Center,Manhattan,1-2 train,22918,21674,116,23305.0,28259.0,23651.0,27722.0,24311.0,29161.0,24631.0,28054.0,24064.0,27001.0,-1146.0,-5327.0,60.0,63,-1.97,-0.48,40.773440001,-73.982209,"1-all times, 2-nights",1,107
67th Avenue,Queens,E-M-R,9181,6692,117,9403.0,7702.0,9475.0,7467.0,9544.0,7743.0,9548.0,7778.0,9479.0,7163.0,-298.0,-471.0,181.0,243,-0.66,-0.31,40.726505476,-73.852860484,"E-nights, R-all other times, M-weekdays and evenings",1,406
68th Street - Hunter College,Manhattan,4-6-6 Express,24456,14682,118,36109.0,25112.0,36562.0,22699.0,36208.0,24694.0,35641.0,21588.0,35068.0,22104.0,-10612.0,-7422.0,52.0,111,-3.36,-3.03,40.768141,-73.963870002,"4-nights, 6-all times, 6 Express-weekdays AM southbound, PM northbound",1,108
69th Street,Queens,7,4973,6186,119,5031.0,7107.0,5085.0,6901.0,5128.0,6941.0,4988.0,6557.0,5072.0,6362.0,-99.0,-176.0,298.0,257,-0.28,-0.2,40.746324999,-73.896402999,7-all times,1,402
7th Avenue - B-Q,Brooklyn,B-Q,10271,11619,121,9408.0,8739.0,9389.0,9483.0,9495.0,9492.0,9641.0,9731.0,9731.0,8581.0,539.0,3038.0,160.0,146,3.54,0.55,40.67710218,-73.972852792,"B-weekdays and evenings, Q-all times",1,308
7th Avenue - F-G,Brooklyn,F-G,11801,11571,121,12118.0,12271.0,12268.0,14456.0,12242.0,14246.0,12049.0,13202.0,11897.0,12325.0,-96.0,-755.0,137.0,148,-0.61,-0.08,40.66624469,-73.980251179,"F,G-all times",1,306
7th Avenue - B-D-E,Manhattan,B-D-E,17334,12818,122,14922.0,11945.0,15801.0,13228.0,16833.0,14772.0,17356.0,15228.0,17538.0,12512.0,-204.0,306.0,80.0,135,0.24,-0.12,40.762970152,-73.981697823,"D,E-all times, B-weekdays and evenings",1,105
71 Street,Brooklyn,D,5905,6434,123,4007.0,3398.0,4538.0,5314.0,4682.0,5271.0,4802.0,4808.0,6501.0,6732.0,-596.0,-298.0,262.0,247,-0.44,-0.92,40.61925871,-73.998840949,D-all times,1,311
72 Street - 1-2-3,Manhattan,1-2-3 train,38957,52456,124,40271.0,54346.0,40853.0,56182.0,40639.0,55681.0,40506.0,55779.0,4045.0,54054.0,-1493.0,-1598.0,24.0,17,-0.3,-0.37,40.778453001,-73.981970002,"1,2,3-all times",1,107
72 Street - A-B-C,Manhattan,A-B-C,8803,10241,125,8875.0,11146.0,9067.0,11601.0,9361.0,11524.0,9443.0,10393.0,9448.0,9285.0,-645.0,955.0,187.0,168,1.03,-0.68,40.775519397,-73.976336575,"A-nights, B-weekdays and evenings, C-all times exc nights",1,164
72 Street - Q,Manhattan,Q,28145,25717,126,,,,,,,,,,,,,38.0,45,,,40.76880251,-73.958361787,Q-all times,1,108
74th Street - Broadway,Queens,7-E-F-M-R,52018,70841,127,50194.0,69688.0,50841.0,71931.0,51285.0,73919.0,51925.0,73373.0,52296.0,72305.0,-278.0,-1464.0,14.0,9,-0.2,-0.05,40.746539691,-73.891298665,"7,E,F-all times, M-weekdays and evenings, R-all times exc nights",1,404
75th Avenue,Queens,E-F,3365,2554,128,3735.0,3615.0,3763.0,3647.0,3742.0,3276.0,3756.0,3307.0,3711.0,2857.0,-345.0,-303.0,354.0,374,-1.06,-0.93,40.718044653,-73.836923694,"E-evenings, weekends, nights, F-all times",1,406
75th Street - Elderts Lane,Queens,J-Z,3641,2588,129,3757.0,3046.0,3759.0,3297.0,3777.0,3854.0,3837.0,4013.0,3837.0,3816.0,-196.0,-1228.0,341.0,372,-3.22,-0.51,40.691290001,-73.867287999,"Z-rush hours AM westbound, PM eastbound, J-all other times",1,409
77th Street - R,Brooklyn,R,6746,4881,131,5306.0,5041.0,5353.0,5208.0,5548.0,5509.0,5608.0,5448.0,572.0,5247.0,1026.0,-366.0,235.0,295,-0.7,1.79,40.629741667,-74.02551,R-all times,1,310
77th Street - 4-6,Manhattan,4-6-6 Express,27584,23424,131,36846.0,35034.0,37182.0,31629.0,37521.0,35141.0,36797.0,30244.0,36103.0,31824.0,-8519.0,-84.0,41.0,57,-2.64,-2.36,40.773620001,-73.959873999,"4-nights, 6-all times, 6 Express-weekdays AM southbound, PM northbound",1,108
79th Street - 1-2,Manhattan,1-2 train,15698,20497,132,16349.0,22065.0,16576.0,22409.0,16987.0,23523.0,16865.0,22886.0,16372.0,21987.0,-674.0,-149.0,96.0,71,-0.68,-0.41,40.783934,-73.979917001,"1-all times, 2-nights",1,107
79th Street - D,Brooklyn,D,6565,6631,133,5612.0,4501.0,6293.0,6358.0,6617.0,6504.0,6755.0,5856.0,6973.0,6494.0,-408.0,136.0,241.0,244,0.21,-0.59,40.613158926,-74.000582874,D-all times,1,311
8th Avenue,Brooklyn,N,12514,16278,134,10613.0,16292.0,10873.0,16484.0,11341.0,17434.0,11431.0,1596.0,14201.0,17252.0,-1687.0,-974.0,131.0,94,-0.56,-1.19,40.634971,-74.011515998,N-all times,1,307
8th Street - New York University,Manhattan,N-Q-R-W,16994,23227,135,17766.0,22455.0,16597.0,21349.0,17248.0,23087.0,17902.0,24844.0,18305.0,25216.0,-1311.0,-1989.0,83.0,59,-0.79,-0.72,40.730464999,-73.992507998,"N-all times, Q-nights, R-all times exc nights",1,102
80th Street,Queens,A-S,4416,4101,136,4253.0,4212.0,4291.0,3984.0,4664.0,5915.0,4445.0,6203.0,3574.0,3405.0,842.0,696.0,318.0,315,2.04,2.36,40.679371001,-73.858992002,"A-all times, S Euclid Av to Ozone Park-Lefferts Blvd-nights",1,410
81st Street - Museum of Natural History,Manhattan,A-B-C,13313,17293,137,13119.0,17404.0,13663.0,18407.0,13935.0,18592.0,14129.0,18041.0,1414.0,16569.0,-827.0,724.0,120.0,91,0.44,-0.58,40.781346084,-73.972097949,"A-nights, B-weekdays and evenings, C-all times exc nights",1,164
82nd Street - Jackson Heights,Queens,7,15393,20237,138,15582.0,20374.0,15662.0,21133.0,15899.0,20557.0,15711.0,20622.0,15765.0,19491.0,-372.0,746.0,98.0,71,0.38,-0.24,40.747659,-73.883697001,7-all times,1,403
85th Street - Forest Parkway,Queens,J,3923,2867,139,3776.0,3279.0,3792.0,3501.0,3861.0,4207.0,3947.0,4297.0,3968.0,4113.0,-45.0,-1246.0,331.0,361,-3.03,-0.11,40.692427,-73.860087,J-all times,1,409
86th Street - N,Brooklyn,N,1534,1901,141,2552.0,3159.0,2515.0,2934.0,2622.0,3091.0,2718.0,3023.0,1298.0,1578.0,236.0,322.0,409.0,391,2.04,1.82,40.592465001,-73.978188999,N-all times,1,315
86th Street - R,Brooklyn,R,11742,9662,141,11313.0,12582.0,11648.0,12819.0,11921.0,13178.0,11963.0,12889.0,12078.0,12263.0,-336.0,-2601.0,138.0,178,-2.12,-0.28,40.622686667,-74.028398,R-all times,1,310
86th Street - 1-2,Manhattan,1-2 train,18882,21901,142,19677.0,23823.0,19766.0,23929.0,20221.0,25221.0,20145.0,24588.0,19757.0,24228.0,-875.0,-2327.0,77.0,62,-0.96,-0.44,40.788644001,-73.976217999,"1-all times, 2-nights",1,107
86th Street - 4-5-6,Manhattan,4-5-6-6 Express,45882,48187,143,63551.0,70146.0,64741.0,74891.0,65634.0,74502.0,65948.0,76054.0,64793.0,70271.0,-18911.0,-22084.0,18.0,18,-3.14,-2.92,40.779491998,-73.955589,"4,6-all times, 5-all times exc nights, 6 Express-weekdays AM southbound, PM northbound",1,108
86th Street - A-B-C,Manhattan,A-B-C,10681,8558,144,11093.0,9681.0,11236.0,10117.0,11605.0,10321.0,11594.0,9597.0,11809.0,8603.0,-1128.0,-45.0,154.0,199,-0.05,-0.96,40.785823047,-73.968828494,"A-nights, B-weekdays and evenings, C-all times exc nights",1,164
86th Street - Q,Manhattan,Q,23722,30782,145,,,,,,,,,,,,,57.0,35,,,40.777861043,-73.95177091,Q-all times,1,108
88th Street - A-S,Queens,A-S,2965,2335,146,2677.0,2257.0,2719.0,2128.0,2065.0,1599.0,3464.0,2316.0,3221.0,2386.0,-256.0,-51.0,371.0,378,-0.21,-0.79,40.679843001,-73.85147,"A-all times, S Euclid Av to Ozone Park-Lefferts Blvd-nights",1,410
9th Avenue - D,Brooklyn,D,5471,6297,147,5441.0,5531.0,5857.0,7383.0,6004.0,7466.0,5856.0,6372.0,5867.0,6541.0,-396.0,-244.0,281.0,251,-0.37,-0.67,40.646484077,-73.994448745,D-all times,1,312
90th Street - Elmhurst Avenue,Queens,7,16848,21543,148,16768.0,22506.0,16743.0,22891.0,16747.0,22235.0,16814.0,22079.0,16957.0,20866.0,-109.0,677.0,86.0,64,0.32,-0.06,40.748408001,-73.876613,7-all times,1,403
96th Street - 1-2-3,Manhattan,1-2-3 train,37043,46701,149,37941.0,48008.0,38711.0,50175.0,39254.0,57611.0,39434.0,54984.0,38859.0,5136.0,-1816.0,-4659.0,26.0,21,-0.91,-0.47,40.793919001,-73.972322999,"1,2,3-all times",1,107
96th Street - 4-6,Manhattan,4-6-6 Express,18983,13941,151,26071.0,21961.0,26232.0,20498.0,26529.0,22217.0,28061.0,21115.0,26939.0,21033.0,-7956.0,-7093.0,76.0,121,-3.37,-2.95,40.785672,-73.951070002,"4-nights, 6-all times, 6 Express-weekdays AM southbound, PM northbound",1,108
96th Street - A-B-C,Manhattan,A-B-C,9733,7663,151,9514.0,8283.0,9815.0,8883.0,10203.0,9061.0,10365.0,8183.0,10425.0,7127.0,-692.0,536.0,169.0,221,0.75,-0.66,40.791618798,-73.964602457,"A-nights, B-weekdays and evenings, C-all times exc nights",1,164
96th Street - Q,Manhattan,Q,17150,20019,152,,,,,,,,,,,,,82.0,75,,,40.78423665,-73.947066022,Q-all times,1,111
Alabama Avenue,Brooklyn,J,2424,2541,153,2464.0,2844.0,2443.0,2687.0,2448.0,2948.0,2521.0,3163.0,2585.0,3206.0,-161.0,-666.0,386.0,375,-2.08,-0.62,40.676998,-73.898526002,J-all times,1,305
Allerton Avenue,Bronx,2-5 train,5403,5559,154,5389.0,6242.0,5526.0,6231.0,5737.0,6741.0,5779.0,6388.0,553.0,5889.0,-127.0,-330.0,282.0,273,-0.56,-0.23,40.865483378,-73.867234229,"2-all times, 5-rush hours AM southbound, PM northbound",1,211
Aqueduct Racetrack,Queens,A,1672,3884,155,1.0,0.0,551.0,1325.0,1597.0,4054.0,1711.0,4297.0,1739.0,4211.0,-67.0,-327.0,406.0,322,-0.78,-0.39,40.672096999,-73.835919,"A-to Manhattan only, racing days only",1,410
Aqueduct - North Conduit Avenue,Queens,A,1031,861,156,2431.0,5067.0,1951.0,3627.0,1122.0,1308.0,1181.0,1185.0,1125.0,1016.0,-94.0,-156.0,415.0,414,-1.54,-0.84,40.668234002,-73.834057999,A-all times,1,410
Astor Place,Manhattan,4-6-6 Express,16377,20081,157,17607.0,21021.0,17914.0,22486.0,17803.0,22557.0,17274.0,19413.0,16806.0,18199.0,-429.0,1882.0,91.0,73,1.03,-0.26,40.730054,-73.991069999,"4-nights, 6-all times, 6 Express-weekdays AM southbound, PM northbound",1,102
Astoria Boulevard,Queens,N-W,13103,12273,158,12127.0,15354.0,12211.0,15715.0,12209.0,14815.0,12344.0,1441.0,12358.0,13659.0,745.0,-1386.0,125.0,141,-1.01,0.6,40.770036999,-73.918095001,"N-all times, W part time",1,401
Astoria - Ditmars Boulevard,Queens,N-W,16686,14759,159,16777.0,19077.0,17039.0,19697.0,17178.0,19227.0,17181.0,19057.0,17345.0,18533.0,-659.0,-3774.0,88.0,109,-2.04,-0.38,40.775035667,-73.912034,"N-all times, W part time",1,401
Atlantic Avenue,Brooklyn,L,1821,1728,160,1487.0,1326.0,1581.0,1474.0,1725.0,1752.0,1384.0,1267.0,1455.0,1179.0,366.0,549.0,402.0,395,4.66,2.52,40.675344666,-73.903097,L-all times,1,305
Atlantic Avenue - Barclays Center,Brooklyn,2-3-4-5-B-D-N-Q-R,42095,53133,161,35671.0,47971.0,39871.0,54754.0,41645.0,55601.0,42231.0,54221.0,42711.0,53638.0,-616.0,-505.0,21.0,15,-0.09,-0.14,40.684420165,-73.977549935,"2,4-all times, 3-all times exc nights, 5-weekdays, B-weekdays and evenings, D,N,Q-all times R-all times exc nights",1,302
Avenue H,Brooklyn,Q,3329,2948,162,2714.0,2632.0,2861.0,2669.0,2961.0,2584.0,2994.0,2506.0,3183.0,259.0,146.0,358.0,356.0,357,1.38,0.46,40.629208378,-73.961517939,Q-all times,1,314
Avenue I,Brooklyn,F,1111,783,163,2284.0,2046.0,2283.0,2146.0,2251.0,2236.0,2235.0,1874.0,1962.0,1529.0,-851.0,-746.0,413.0,421,-4.88,-4.34,40.62501744,-73.976069332,F-all times,1,312
Avenue J,Brooklyn,Q,6154,6327,164,5974.0,5679.0,6036.0,5994.0,6061.0,5528.0,6009.0,5782.0,6136.0,5524.0,18.0,803.0,254.0,248,1.45,0.03,40.62502282,-73.960693162,Q-all times,1,314
Avenue M,Brooklyn,Q,6094,5091,165,5544.0,4031.0,5836.0,4429.0,5903.0,4111.0,5869.0,4345.0,6052.0,4246.0,42.0,845.0,257.0,289,1.99,0.07,40.617397744,-73.959243105,Q-all times,1,314
Avenue N,Brooklyn,F,2217,1417,166,3391.0,2983.0,3411.0,3202.0,3419.0,3282.0,3411.0,2888.0,3187.0,232.0,-970.0,-903.0,390.0,401,-3.89,-3.04,40.614356712,-73.974048509,F-all times,1,312
Avenue P,Brooklyn,F,1821,1291,167,2705.0,2703.0,2757.0,2899.0,2767.0,2909.0,2804.0,2628.0,2688.0,2244.0,-867.0,-954.0,402.0,403,-4.25,-3.23,40.608842809,-73.973002815,F-all times,1,312
Avenue U - F train,Brooklyn,F,1276,875,168,2302.0,2408.0,2296.0,2429.0,2215.0,2483.0,2439.0,1715.0,2578.0,208.0,-1302.0,-1205.0,411.0,412,-5.79,-5.05,40.595924826,-73.97337642,F-all times,1,315
Avenue U - N train,Brooklyn,N,2285,2803,169,3981.0,5533.0,3738.0,4745.0,3857.0,4915.0,3894.0,4767.0,1399.0,1795.0,886.0,1008.0,389.0,364,5.62,6.33,40.597236,-73.979084001,N-all times,1,311
Avenue U - Q train,Brooklyn,Q,7391,8804,170,6694.0,7233.0,6821.0,8015.0,6922.0,7501.0,6975.0,8322.0,7384.0,8188.0,7.0,616.0,216.0,197,0.75,0.01,40.599308951,-73.955811223,Q-all times,1,315
Avenue X,Brooklyn,F,2508,1822,171,2877.0,2589.0,2972.0,2783.0,2859.0,2999.0,1928.0,1817.0,2424.0,1988.0,84.0,-166.0,384.0,391,-0.84,0.35,40.589449667,-73.974266,F-all times,1,313
Bay 50th Street,Brooklyn,D,2926,2854,172,2632.0,2168.0,2793.0,2492.0,2875.0,2784.0,2872.0,2575.0,3176.0,296.0,-250.0,-106.0,373.0,361,-0.36,-0.79,40.588840667,-73.983765,D-all times,1,313
Bay Parkway - F,Brooklyn,F,729,522,173,1526.0,1518.0,1575.0,1578.0,1516.0,1691.0,1491.0,1476.0,1329.0,1232.0,-600.0,-710.0,419.0,422,-5.76,-4.51,40.620731623,-73.975256978,F-all times,1,312
Bay Parkway - N,Brooklyn,N,9328,10537,174,6892.0,9107.0,6991.0,8457.0,7301.0,8808.0,7164.0,8609.0,10955.0,11631.0,-1627.0,-1094.0,177.0,161,-0.94,-1.49,40.61145579,-73.981780011,N-all times,1,311
Bay Parkway - D,Brooklyn,D,7837,9306,175,6726.0,6444.0,7111.0,8927.0,7322.0,9097.0,7501.0,835.0,8069.0,9471.0,-232.0,-165.0,199.0,185,-0.17,-0.29,40.601950462,-73.9936762,D-all times,1,311
Bay Ridge Avenue,Brooklyn,R,4173,4005,176,8206.0,8618.0,8079.0,8591.0,8283.0,8967.0,8379.0,9001.0,8415.0,8719.0,-4242.0,-4714.0,325.0,321,-5.41,-5.04,40.634966667,-74.023377,R-all times,1,310
Bay Ridge - 95th Street,Brooklyn,R,5969,4361,177,5996.0,5701.0,5974.0,5692.0,6051.0,5837.0,6101.0,573.0,609.0,551.0,-121.0,-1149.0,260.0,308,-2.09,-0.2,40.616621667,-74.030876001,R-all times,1,310
Baychester Avenue,Bronx,5,3846,1402,178,3981.0,3032.0,4177.0,3111.0,4196.0,2132.0,4091.0,1683.0,4064.0,1343.0,-218.0,59.0,335.0,402,0.44,-0.54,40.878663,-73.838590998,5-all times,1,212
Beach 105th Street,Queens,A-S,278,462,179,253.0,325.0,141.0,229.0,261.0,297.0,305.0,374.0,289.0,396.0,-11.0,66.0,424.0,423,1.67,-0.38,40.583268438,-73.82758075,"A-rush hours AM northbound, PM southbound, S Broad Channel to Rockaway Park-all times",1,414
Beach 25th Street,Queens,A,1925,1699,180,1494.0,1163.0,904.0,674.0,1722.0,1479.0,1861.0,1753.0,1968.0,1806.0,-43.0,-107.0,398.0,396,-0.59,-0.22,40.600066001,-73.761352998,A-all times,1,414
Beach 36th Street,Queens,A,962,973,181,718.0,696.0,466.0,443.0,872.0,921.0,936.0,1056.0,975.0,1037.0,-13.0,-64.0,417.0,408,-0.62,-0.13,40.595398002,-73.768174999,A-all times,1,414
Beach 44th Street,Queens,A,690,709,182,538.0,496.0,297.0,284.0,581.0,612.0,624.0,698.0,676.0,721.0,14.0,-12.0,420.0,421,-0.17,0.21,40.592942999,-73.776013,A-all times,1,414
Beach 60th Street,Queens,A,2319,2468,183,1924.0,1954.0,1317.0,1286.0,2448.0,2702.0,2501.0,2977.0,2507.0,281.0,-188.0,-342.0,388.0,376,-1.22,-0.75,40.592374001,-73.788521998,A-all times,1,414
Beach 67th Street - Arverne By The Sea,Queens,A,2440,3093,184,1859.0,1947.0,1118.0,1323.0,2183.0,2642.0,2407.0,3371.0,2493.0,3189.0,-53.0,-96.0,385.0,353,-0.3,-0.21,40.590927001,-73.796924,A-all times,1,414
Beach 90th Street,Queens,A-S,1111,2344,185,877.0,1563.0,463.0,1401.0,846.0,1646.0,946.0,1609.0,939.0,1751.0,171.0,593.0,414.0,377,3.39,1.82,40.588091565,-73.813651404,"A-rush hours AM northbound, PM southbound, S Broad Channel to Rockaway Park-all times",1,414
Beach 98th Street,Queens,A-S,531,799,186,572.0,874.0,292.0,474.0,563.0,1011.0,608.0,1025.0,579.0,1023.0,-48.0,-224.0,422.0,419,-2.19,-0.83,40.585385691,-73.82052059,"A-rush hours AM northbound, PM southbound, S Broad Channel to Rockaway Park-all times",1,414
Bedford Avenue,Brooklyn,L,27783,48007,187,23825.0,43891.0,25755.0,49553.0,27224.0,54863.0,27132.0,4574.0,27486.0,49479.0,297.0,-1472.0,39.0,19,-0.3,0.11,40.717173999,-73.956664998,L-all times,1,301
Bedford Park Boulevard,Bronx,B-D,7066,7819,188,6183.0,7039.0,6303.0,8072.0,6645.0,8213.0,7046.0,7377.0,7236.0,7234.0,-170.0,585.0,231.0,216,0.81,-0.23,40.873243999,-73.887137999,"B-rush hours, D-all times",1,207
Bedford Park Boulevard - Lehman College,Bronx,4,5649,5201,189,6034.0,5303.0,6201.0,5062.0,6089.0,5093.0,6041.0,6026.0,5912.0,5618.0,-263.0,-418.0,274.0,285,-0.74,-0.44,40.873412,-73.890064001,4-all times,1,207
Bedford-Nostrand Avenues,Brooklyn,G,8741,10274,190,6755.0,8239.0,7301.0,9008.0,7778.0,9798.0,8197.0,10057.0,8487.0,9815.0,254.0,4590.0,191.0,167,0.47,0.3,40.689627002,-73.953522001,G-all times,1,303
Bergen Street - F-G,Brooklyn,F-G,11306,12047,191,11371.0,12573.0,11562.0,13031.0,11571.0,14118.0,11548.0,14243.0,11529.0,12161.0,-223.0,-114.0,146.0,143,-0.09,-0.19,40.686110547,-73.990756496,"F,G-all times",1,302
Bergen Street - 2-3,Brooklyn,2-3-4 train,3853,3729,192,4472.0,5126.0,4071.0,4825.0,3923.0,4381.0,3823.0,4384.0,3884.0,4433.0,-31.0,-704.0,333.0,327,-1.59,-0.08,40.680862137,-73.974999151,"2-all times, 3-all other times, 4-nights",1,306
Beverley Road - Q,Brooklyn,Q,3267,3811,193,3096.0,3198.0,2341.0,2561.0,2691.0,2787.0,2894.0,2967.0,3059.0,3183.0,208.0,628.0,359.0,326,1.97,0.68,40.643904599,-73.964357796,Q-all times,1,314
Beverly Road - 2-5,Brooklyn,2-5 train,4384,4268,194,4199.0,4061.0,4375.0,4569.0,4447.0,4176.0,4457.0,4699.0,4464.0,4376.0,-80.0,-108.0,319.0,311,-0.25,-0.18,40.645123519,-73.948847984,"2-all times, 5-weekdays",1,317
Bowery,Manhattan,J-Z,3715,7018,195,2746.0,5145.0,2743.0,4982.0,3015.0,5321.0,3325.0,62.0,3504.0,6071.0,211.0,947.0,338.0,234,1.56,0.6,40.720246883,-73.993806907,"J-all times, Z-rush hours AM westbound, PM eastbound",1,103
Bowling Green,Manhattan,4-5 train,29395,13956,196,28183.0,17227.0,30641.0,23531.0,34831.0,25472.0,31556.0,20356.0,31522.0,15072.0,-2127.0,-1116.0,33.0,121,-0.74,-0.67,40.704913999,-74.014007998,"4-all times, 5-all times exc nights",1,101
Briarwood-Van Wyck Boulevard,Queens,E-F,5061,3718,197,5196.0,4827.0,4664.0,4417.0,4695.0,4242.0,4876.0,4354.0,5057.0,4126.0,4.0,-408.0,293.0,328,-0.99,0.01,40.709161815,-73.820692636,"E-evenings, weekends, nights, F-all times",1,409
Brighton Beach,Brooklyn,B-Q,12587,13831,198,12376.0,12461.0,12185.0,12912.0,12498.0,12524.0,12794.0,13763.0,13035.0,13137.0,-448.0,693.0,130.0,123,0.53,-0.34,40.577710197,-73.961353786,"B-weekdays and evenings, Q-all times",1,313
Broad Channel,Queens,A-S,302,204,199,267.0,171.0,127.0,84.0,251.0,191.0,311.0,234.0,313.0,211.0,-11.0,-6.0,423.0,424,-0.29,-0.35,40.608402181,-73.815832688,"A,S to Rockaway Park-all times",1,414
Broad Street,Manhattan,J-Z,7131,4549,200,5261.0,9501.0,5635.0,9701.0,6525.0,1011.0,6865.0,1624.0,7279.0,3905.0,-149.0,6440.0,225.0,306,1.65,-0.2,40.706476001,-74.011056,"J-all times, Z-rush hours AM westbound, PM eastbound",1,101
Broadway - G,Brooklyn,G,4452,4592,201,3272.0,3737.0,3368.0,3905.0,3501.0,4261.0,4011.0,5368.0,434.0,5292.0,112.0,-700.0,315.0,304,-1.32,0.26,40.706126576,-73.950312256,G-all times,1,301
Broadway - N-W,Queens,N-W,13242,12922,202,13041.0,16517.0,13281.0,17411.0,13515.0,17791.0,13236.0,17142.0,12957.0,16276.0,285.0,-3354.0,122.0,132,-2.06,0.22,40.761431999,-73.925822999,"N-all times, W-part time",1,401
Broadway Junction,Brooklyn,A-C-J-L-Z,8681,1296,203,8791.0,12206.0,8863.0,12707.0,9149.0,12553.0,9251.0,14361.0,9189.0,13638.0,-508.0,-678.0,192.0,131,-0.5,-0.55,40.679366001,-73.904289997,"A,J,L-all times, C-all times exc nights, Z-rush hours AM westbound, PM eastbound",1,304
Broadway-Lafayette Street,Manhattan,4-6-B-D-F-M,37986,42746,204,37283.0,45632.0,38799.0,49686.0,40148.0,49789.0,39724.0,47332.0,39058.0,45189.0,-1072.0,-2443.0,25.0,21,-0.54,-0.27,40.725296999,-73.996203999,"4-nights, 6,D,F-all times, 6 Express-weekdays PM, B,M-weekdays and evenings",1,102
Bronx Park East,Bronx,2-5 train,2676,2184,205,2811.0,2881.0,2959.0,2953.0,3005.0,3063.0,2868.0,2679.0,2785.0,2391.0,-109.0,-207.0,380.0,384,-0.87,-0.39,40.848768666,-73.868356092,"2-all times, 5-rush hours AM southbound, PM northbound",1,206
Brook Avenue,Bronx,6,6118,7009,206,6113.0,6742.0,6186.0,7191.0,6312.0,7198.0,6244.0,7126.0,6226.0,685.0,-108.0,159.0,256.0,235,0.23,-0.17,40.807566,-73.919239999,6-all times,1,201
Brooklyn Bridge-City Hall,Manhattan,4-5-6-6 Express-J-Z,31804,23682,207,36993.0,26025.0,36681.0,25612.0,37161.0,27091.0,35858.0,24778.0,34352.0,24004.0,-2548.0,-322.0,30.0,55,-0.13,-0.74,40.713064999,-74.004131001,"4,6-all times, 5-all times exc nights, 6 Express-weekdays AM southbound, PM northbound, J-all times, Z-rush hours AM westbound, PM eastbound",1,101
Buhre Avenue - 6,Bronx,6-6 Express,3701,2837,208,3418.0,2837.0,3718.0,3038.0,2155.0,1614.0,2237.0,1672.0,3568.0,2541.0,133.0,297.0,339.0,363,1.17,0.37,40.846809999,-73.832569,"6 Express-weekdays AM southbound, PM northbound, 6-all other times",1,210
Burke Avenue - 2-5,Bronx,2-5 train,3466,3331,209,3491.0,3901.0,3612.0,3902.0,3672.0,4091.0,3644.0,3866.0,3551.0,3531.0,-84.0,-201.0,348.0,344,-0.57,-0.24,40.871258803,-73.867053617,"2-all times, 5-rush hours AM southbound, PM northbound",1,212
Burnside Avenue,Bronx,4,11079,11472,210,11387.0,12071.0,11561.0,11259.0,11538.0,1131.0,11551.0,12829.0,11479.0,12611.0,-400.0,-1139.0,147.0,151,-0.9,-0.35,40.853453002,-73.907684002,4-all times,1,205
Bushwick Avenue-Aberdeen Street,Brooklyn,L,2112,2683,211,1371.0,1533.0,1509.0,1945.0,1683.0,2477.0,1874.0,2198.0,2105.0,247.0,7.0,213.0,392.0,371,0.86,0.03,40.682860626,-73.905261763,L-all times,1,304
Canal Street - 1-2,Manhattan,1-2 train,5996,4333,212,5854.0,4875.0,6039.0,4628.0,6277.0,4838.0,6275.0,4339.0,6116.0,4478.0,-120.0,-145.0,259.0,309,-0.32,-0.2,40.722853998,-74.006277,"1-all times, 2-nights",1,102
Canal Street - A-C-E,Manhattan,A-C-E,19789,16742,213,19097.0,15441.0,19738.0,16622.0,19974.0,17158.0,20103.0,16478.0,1966.0,13617.0,129.0,3125.0,74.0,92,2.29,0.07,40.720824,-74.005229002,"A,E-all times, C-all times exc nights",1,101
Canal Street - 4-6,Manhattan,4-6-6 Express-J-N-Q-R-W-Z,47601,76893,214,45952.0,73859.0,44696.0,70691.0,44362.0,69891.0,44409.0,69347.0,4503.0,69319.0,2571.0,7574.0,17.0,8,1.09,0.57,40.718814264,-74.001054713,"4-nights, 6-all times, 6 Express-weekdays AM southbound, PM northbound, J,N-all times, Q-weekdays and evenings, R-all other times, Z-rush hours AM westbound, PM eastbound",1,102
Canarsie-Rockaway Parkway,Brooklyn,L,12661,11231,215,13039.0,12063.0,13254.0,12617.0,13512.0,13478.0,13481.0,10709.0,13131.0,9961.0,-470.0,127.0,129.0,154,1.27,-0.36,40.646653667,-73.90185,L-all times,1,318
Carroll Street,Brooklyn,F-G,11723,10389,216,13193.0,12155.0,12339.0,11838.0,11744.0,11587.0,11923.0,11821.0,11848.0,10034.0,-125.0,355.0,139.0,162,0.35,-0.11,40.680273352,-73.99494698,"F,G-all times",1,306
Castle Hill Avenue,Bronx,6-6 Express,6756,6487,217,7567.0,7956.0,5632.0,5918.0,4938.0,4238.0,7174.0,6317.0,6895.0,6217.0,-139.0,270.0,234.0,246,0.43,-0.2,40.834254998,-73.851222,"6 Express-weekdays AM southbound, PM northbound, 6-all other times",1,210
Cathedral Parkway - 110th Street - 1 train,Manhattan,1,12394,14588,218,13871.0,18711.0,13874.0,18818.0,13631.0,15081.0,13444.0,15655.0,12926.0,15761.0,-532.0,-1173.0,133.0,111,-0.74,-0.41,40.803967,-73.966847001,1-all times,1,107
Cathedral Parkway - 110th Street - A-B-C train,Manhattan,A-B-C,7523,8562,219,6933.0,8652.0,7117.0,8988.0,7253.0,9271.0,7491.0,8577.0,7553.0,7851.0,-30.0,711.0,212.0,198,0.91,-0.04,40.800581558,-73.958066707,"A-nights, B-weekdays and evenings, C-all times exc nights",1,110
Central Avenue,Brooklyn,M,1929,8451,220,3445.0,2387.0,1744.0,1082.0,3282.0,2472.0,3715.0,3596.0,3884.0,3081.0,-1955.0,-2235.0,397.0,416,-7.26,-5.03,40.697873,-73.927242999,M-all times,1,304
Central Park North - 110th Street,Manhattan,2-3 train,9233,11292,221,8751.0,11305.0,9131.0,11087.0,9559.0,12384.0,9865.0,12369.0,9855.0,11542.0,-622.0,-250.0,178.0,153,-0.22,-0.63,40.799075,-73.951822002,"2,3-all times",1,110
Chambers Street - 1-2-3,Manhattan,1-2-3 train,22419,14348,222,23151.0,15241.0,23147.0,16085.0,23862.0,16751.0,23997.0,17656.0,23574.0,17555.0,-1155.0,-3207.0,63.0,115,-1.83,-0.49,40.715478,-74.009266002,"1,2-all times, 3-all times exc nights",1,101
Chambers Street,Manhattan,2-3-A-C-E,51298,33325,223,53589.0,36362.0,53426.0,37769.0,55683.0,34977.0,57616.0,41206.0,55038.0,37811.0,-374.0,-4486.0,15.0,31,-1.19,-0.68,40.713050999,-74.008811,"2,A,E-all times, 3-all times exc nights, A-all times, C-all times exc nights",1,101
Chauncey Street,Brooklyn,J-Z,3408,4194,224,3037.0,3751.0,2967.0,3323.0,3051.0,3345.0,3201.0,4231.0,336.0,4309.0,48.0,-115.0,352.0,312,-0.27,0.14,40.682851301,-73.91038357,"Z-rush hours AM westbound, PM eastbound, J-all other times",1,316
Christopher Street - Sheridan Sq,Manhattan,1-2 train,9570,1405,225,10068.0,16848.0,10076.0,16017.0,10061.0,16989.0,9898.0,15634.0,9792.0,1489.0,-222.0,-840.0,172.0,119,-0.56,-0.23,40.733422001,-74.002905999,"1-all times, 2-nights",1,102
Church Avenue - B-Q,Brooklyn,B-Q,17186,19961,226,16042.0,17733.0,17638.0,20399.0,17473.0,18797.0,17811.0,21472.0,17482.0,18017.0,-296.0,1944.0,81.0,76,1.08,-0.17,40.650493246,-73.962882462,"B-weekdays and evenings, Q-all times",1,314
Church Avenue - F-G,Brooklyn,F-G,9697,12592,227,9985.0,10593.0,9984.0,11927.0,9954.0,12224.0,10491.0,12511.0,10151.0,13332.0,-454.0,-740.0,170.0,139,-0.56,-0.45,40.644272,-73.979721162,"F,G-all times",1,312
Church Avenue - 2-5,Brooklyn,2-5 train,9512,9141,228,9851.0,9543.0,9794.0,10381.0,9852.0,9375.0,9864.0,10219.0,9808.0,9569.0,-296.0,-428.0,173.0,187,-0.45,-0.3,40.650860688,-73.94945514,"2-all times, 5-weekdays",1,317
City Hall,Manhattan,R-W,7731,5505,229,7331.0,4819.0,5666.0,2167.0,4344.0,892.0,6311.0,4077.0,6766.0,4685.0,965.0,820.0,203.0,275,1.75,1.43,40.713272331,-74.006985818,"N-nights, R-all other times",1,101
Clark Street,Brooklyn,2-3 train,5635,3708,230,5761.0,7615.0,5971.0,8326.0,6083.0,8599.0,5922.0,9018.0,5903.0,9083.0,-268.0,-5375.0,276.0,329,-5.92,-0.45,40.697466,-73.993085998,"2-all times, 3-all times exc nights",1,302
Classon Avenue,Brooklyn,G,5106,5291,231,4288.0,5178.0,4491.0,5308.0,4601.0,5606.0,4966.0,6265.0,4996.0,5645.0,110.0,-355.0,290.0,282,-0.63,0.22,40.688889,-73.959990001,G-all times,1,303
Cleveland Street,Brooklyn,J,3270,3296,232,3271.0,3856.0,3328.0,3699.0,3467.0,4104.0,3514.0,4119.0,3483.0,3945.0,-213.0,-649.0,358.0,345,-1.65,-0.61,40.679777999,-73.885194002,J-all times,1,305
Clinton-Washington Avenues - A-C,Brooklyn,A-C,7131,7224,233,6033.0,7056.0,6642.0,7642.0,6719.0,6753.0,6603.0,7011.0,6932.0,7119.0,198.0,105.0,225.0,229,0.15,0.29,40.683262999,-73.965837999,"A-nights, C-all other times",1,302
Clinton-Washington Avenues - G,Brooklyn,G,5083,4806,234,5183.0,6301.0,5294.0,6097.0,5178.0,6171.0,5364.0,6501.0,5312.0,5585.0,-229.0,-779.0,292.0,297,-1.39,-0.43,40.688094001,-73.966795999,G-all times,1,302
Coney Island-Stillwell Avenue,Brooklyn,D-F-N-Q,13542,24556,235,13474.0,23981.0,13177.0,23726.0,13734.0,26733.0,14073.0,27415.0,14098.0,25961.0,-556.0,-1405.0,117.0,51,-0.54,-0.39,40.577281,-73.981235998,"D,F,N,Q-all times",1,313
Cortelyou Road,Brooklyn,Q,6348,7611,236,6379.0,7241.0,5318.0,6294.0,5727.0,6328.0,6221.0,6892.0,6332.0,6666.0,16.0,9440.0,247.0,223,1.42,0.03,40.640940165,-73.963790055,Q-all times,1,314
Cortlandt Street - 1,Manhattan,1,0,0,237,0.0,0.0,0.0,0.0,0.0,0.0,0.0,0.0,0.0,0.0,,,,425,,,40.711835001,-74.012188001,Temporarily closed,1,101
Cortlandt Street - R-W,Manhattan,R-W,19058,23129,238,6393.0,8372.0,5497.0,3626.0,5393.0,2365.0,8549.0,9733.0,12868.0,18064.0,619.0,5065.0,75.0,61,2.8,4.81,40.710512984,-74.011131965,"N-nights, R-all other times",1,101
Court Square - 7,Queens,"7-7 Express, E-G-M",23672,18322,239,18631.0,12787.0,20446.0,16214.0,22433.0,17776.0,22717.0,17591.0,23317.0,16026.0,355.0,2296.0,58.0,85,1.43,0.15,40.747768121,-73.946054703,"7,G-all times, 7 Express-rush hours AM westbound, PM eastbound, E-all times, M-weekdays and evenings",1,402
Court Street,Brooklyn,2-3-4-5-N-R,36762,25259,240,38088.0,27299.0,38428.0,28081.0,38944.0,28947.0,38559.0,28593.0,38089.0,25365.0,-1327.0,-106.0,27.0,47,-0.04,-0.35,40.692404,-73.990151001,"2,4,R-all times, 3-all times exc nights, 5-weekdays, N-nights",1,302
Crescent Street,Brooklyn,J-Z,4842,6243,241,4635.0,6335.0,4683.0,5804.0,4925.0,6021.0,5073.0,6122.0,5053.0,5999.0,-211.0,244.0,302.0,255,0.41,-0.42,40.683152657,-73.873929252,"J-all times, Z-rush hours AM westbound, PM eastbound",1,305
Crown Heights - Utica Avenue,Brooklyn,3-4 train,28980,29038,242,27549.0,28918.0,27781.0,26704.0,28287.0,27343.0,28146.0,33065.0,29069.0,29939.0,-89.0,-901.0,35.0,39,-0.3,-0.03,40.668978311,-73.932932561,"3-all times exc nights, 4-all times",1,308
Cypress Avenue,Bronx,6,3972,4047,243,3636.0,3445.0,3842.0,3803.0,3984.0,387.0,3974.0,3941.0,4099.0,4015.0,-127.0,32.0,330.0,316,0.08,-0.31,40.805368001,-73.914042,6-all times,1,201
Cypress Hills,Brooklyn,J,1501,973,244,1391.0,1148.0,1431.0,1236.0,1444.0,1517.0,1456.0,1503.0,1501.0,1447.0,0.0,-474.0,410.0,408,-3.28,0.0,40.689616001,-73.873321999,J-all times,1,305
DeKalb Avenue,Brooklyn,B-D-N-Q-R,21231,21434,245,17791.0,14327.0,17318.0,15046.0,17351.0,16016.0,17889.0,15096.0,18774.0,15729.0,2456.0,57050.0,67.0,65,3.63,1.31,40.69064812,-73.981770944,"B-weekdays and evenings, D-all other times, N-nights, R-all other times, Q-all times",1,302
DeKalb Avenue - L,Brooklyn,L,13050,15805,246,11004.0,13534.0,11617.0,13823.0,11943.0,16197.0,12158.0,1543.0,12307.0,16098.0,743.0,-293.0,126.0,97,-0.18,0.6,40.703693,-73.918232002,L-all times,1,304
Delancey Street,Manhattan,F-J-M-Z,24993,32713,247,22846.0,28831.0,23691.0,31807.0,24154.0,32364.0,24902.0,34843.0,25625.0,35416.0,-632.0,-2703.0,50.0,32,-0.76,-0.25,40.718306056,-73.987409402,"F,J-all times, M-all times exc nights, Z-rush hours AM westbound, PM eastbound",1,103
Ditmas Avenue,Brooklyn,F,3849,2851,248,4669.0,4261.0,4676.0,4813.0,4622.0,4728.0,3386.0,3113.0,3524.0,2789.0,325.0,62.0,334.0,362,0.22,0.92,40.636118667,-73.978172,F-all times,1,312
Dyckman Street - 1,Manhattan,1,7231,9052,249,3795.0,5184.0,6564.0,7683.0,7112.0,8877.0,7233.0,8645.0,7297.0,1001.0,-66.0,-958.0,223.0,191,-0.96,-0.09,40.860531001,-73.925536,1-all times,1,112
Dyckman Street - A,Manhattan,A,6739,8253,250,7375.0,9142.0,6557.0,8141.0,6687.0,8366.0,6831.0,9296.0,6874.0,6925.0,-135.0,1328.0,237.0,208,1.92,-0.2,40.865490999,-73.927271,A-all times,1,112
East 105th Street,Brooklyn,L,3999,3393,251,3727.0,3256.0,3818.0,3466.0,3911.0,3679.0,4002.0,3041.0,407.0,2961.0,-71.0,432.0,329.0,343,1.46,-0.17,40.650468785,-73.899547694,L-all times,1,305
East 143rd Street - Saint Mary's Street,Bronx,6,953,802,252,973.0,771.0,911.0,768.0,927.0,788.0,989.0,854.0,143.0,872.0,-90.0,-70.0,418.0,417,-0.8,-0.86,40.808719001,-73.907656999,6-all times,1,201
East 149th Street,Bronx,6,4899,5236,253,4486.0,5132.0,4581.0,5341.0,4619.0,5195.0,4647.0,5402.0,4861.0,5094.0,38.0,142.0,300.0,284,0.28,0.08,40.812117998,-73.904097999,6-all times,1,202
East 180th Street,Bronx,2-5 train,7691,11725,254,6832.0,7154.0,7003.0,6753.0,7489.0,9919.0,7587.0,8065.0,7697.0,10226.0,-6.0,1499.0,206.0,145,1.47,-0.01,40.841863041,-73.873346095,"2,5-all times",1,206
East Broadway,Manhattan,F,14365,14803,255,13052.0,13734.0,13276.0,15077.0,13721.0,16041.0,14228.0,17418.0,14654.0,18482.0,-289.0,-3679.0,109.0,108,-1.99,-0.2,40.713855001,-73.990177001,F-all times,1,103
Eastchester-Dyre Avenue,Bronx,5,4647,1479,256,4765.0,3212.0,4948.0,3334.0,4948.0,2193.0,4845.0,1697.0,4769.0,1377.0,-122.0,102.0,309.0,397,0.74,-0.26,40.888299999,-73.830834002,5-all times,1,212
Eastern Parkway - Brooklyn Museum,Brooklyn,2-3-4 train,4592,6811,257,4795.0,7038.0,4938.0,7794.0,4889.0,7835.0,4915.0,7943.0,4719.0,7107.0,-127.0,-297.0,310.0,241,-0.42,-0.27,40.672032235,-73.964222037,"4-nights, 3-all other times, 2-all times",1,308
Elder Avenue,Bronx,6,6605,7841,258,6161.0,7207.0,6377.0,7638.0,6496.0,7861.0,6543.0,7534.0,6642.0,7701.0,-37.0,140.0,239.0,215,0.18,-0.06,40.828584001,-73.879158999,6-all times,1,209
Elmhurst Avenue,Queens,E-M-R,12967,13572,259,13562.0,17262.0,13597.0,16028.0,13568.0,16519.0,13588.0,16279.0,13508.0,14896.0,-541.0,-1324.0,127.0,126,-0.89,-0.4,40.74237008,-73.882034747,"E-nights, R-all other times, M-weekdays and evenings",1,404
Euclid Avenue,Brooklyn,A-C-S,10751,12594,260,10169.0,10455.0,10418.0,12329.0,10652.0,11016.0,11014.0,12954.0,1087.0,12563.0,-119.0,31.0,151.0,138,0.02,-0.11,40.675376998,-73.872106001,"S to Ozone Park-Lefferts Blvd-nights, C-all other times, A-all times",1,305
Far Rockaway - Mott Avenue,Queens,A,4738,4846,261,4068.0,3639.0,2651.0,2355.0,4748.0,5031.0,4989.0,5569.0,5009.0,5345.0,-271.0,-499.0,304.0,296,-0.93,-0.54,40.603995002,-73.755404999,A-all times,1,414
Flatbush Avenue - Brooklyn College,Brooklyn,2-5 train,20691,15653,262,21942.0,16452.0,21941.0,17982.0,21865.0,16274.0,21666.0,17805.0,21268.0,16443.0,-577.0,-790.0,69.0,98,-0.48,-0.27,40.632842407,-73.947541207,"2-all times, 5-weekdays",1,314
Flushing Avenue - G,Brooklyn,G,2866,2182,263,2157.0,2091.0,2373.0,2256.0,2627.0,2529.0,2819.0,2716.0,2857.0,27.0,9.0,-518.0,376.0,385,-1.92,0.03,40.700376666,-73.950234001,G-all times,1,301
Flushing Avenue - J-M,Brooklyn,J-M,8952,8914,264,8963.0,9803.0,9165.0,9788.0,9258.0,9012.0,9483.0,10573.0,9347.0,9328.0,-395.0,-414.0,185.0,194,-0.44,-0.42,40.700404403,-73.941377348,"J-all times, skips weekdays AM westbound, PM eastbound, M-all times exc nights",1,303
Flushing - Main Street,Queens,7-7 Express,58511,70807,265,60541.0,70993.0,60191.0,68974.0,60252.0,69065.0,60226.0,68232.0,60259.0,70714.0,-1748.0,93.0,11.0,11,0.01,-0.29,40.759599999,-73.830030003,"7-all times, 7 Express-rush hours AM westbound, PM eastbound",1,407
Fordham Road - 4,Bronx,4,11503,13431,266,12561.0,14757.0,12558.0,13711.0,12231.0,13567.0,11982.0,15423.0,11957.0,14781.0,-454.0,-135.0,142.0,127,-0.91,-0.38,40.862803,-73.901033999,4-all times,1,207
Fordham Road - B-D,Bronx,B-D,12054,14314,267,11521.0,14157.0,11878.0,15697.0,12363.0,16208.0,12145.0,14902.0,12208.0,14201.0,-154.0,113.0,135.0,116,0.08,-0.13,40.861295999,-73.897749001,"B-rush hours, D-all times",1,205
Forest Avenue,Queens,M,2819,1424,268,3971.0,2606.0,4103.0,2423.0,4211.0,3008.0,4386.0,3678.0,4429.0,3421.0,-161.0,-1997.0,378.0,399,-5.84,-3.64,40.704412001,-73.903075,M-all times,1,405
Forest Hills - 71st Avenue,Queens,E-F-M-R,27761,31485,269,27537.0,26787.0,27728.0,27914.0,27784.0,27854.0,28209.0,27174.0,28135.0,25846.0,-375.0,5639.0,40.0,33,2.18,-0.13,40.72159431,-73.84451672,"E,F-all times, M-weekdays and evenings, R-all times exc nights",1,406
Fort Hamilton Parkway - D,Brooklyn,D,4162,3884,270,3403.0,3145.0,3984.0,4101.0,4248.0,4258.0,4261.0,3832.0,4421.0,4002.0,-258.0,-118.0,326.0,322,-0.29,-0.58,40.640912711,-73.994202238,D-all times,1,312
Fort Hamilton Parkway - F-G,Brooklyn,F-G,5893,5347,271,5092.0,4843.0,5531.0,5153.0,5651.0,5345.0,5783.0,5908.0,6044.0,5608.0,-151.0,-261.0,264.0,279,-0.47,-0.25,40.650781668,-73.975775999,"F,G-all times",1,307
Fort Hamilton Parkway - N,Brooklyn,N,3196,3201,272,6786.0,7419.0,7034.0,7454.0,7244.0,7885.0,6964.0,7072.0,1771.0,1809.0,1425.0,1392.0,368.0,349,7.69,8.05,40.631385667,-74.005351,N-all times,1,312
Franklin Avenue,Brooklyn,2-3-4-5-S,15269,16077,273,15352.0,19949.0,15775.0,20269.0,15787.0,24479.0,15866.0,19326.0,15834.0,1773.0,-565.0,-1653.0,100.0,95,-0.93,-0.36,40.670342667,-73.959244999,"2,4-all times, 3-all times exc nights, 5-weekdays, S Franklin Av-Fulton Street to Prospect Park-all times",1,309
Franklin Avenue - A-C-S,Brooklyn,A-C-S,6333,8229,274,6111.0,8279.0,6227.0,8478.0,6492.0,8633.0,6468.0,8996.0,6289.0,8274.0,44.0,-45.0,248.0,211,-0.05,0.07,40.681379667,-73.956848,"A-nights, C-all other times, S to Prospect Park-all times",1,303
Franklin Street - 1-2,Manhattan,1-2 train,5809,4171,275,5931.0,4279.0,5825.0,4093.0,5867.0,4656.0,5825.0,4617.0,5984.0,4762.0,-175.0,-591.0,265.0,314,-1.24,-0.29,40.719318001,-74.006886003,"1-all times, 2-nights",1,101
Freeman Street - 2-5,Bronx,2-5 train,4984,5291,276,4569.0,4541.0,4762.0,4994.0,4867.0,5044.0,4899.0,4463.0,5055.0,5434.0,-71.0,-143.0,297.0,281,-0.26,-0.14,40.829987446,-73.891752253,"2-all times, 5-all times exc nights, skips rush hours AM southbound, PM northbound",1,203
Fresh Pond Road,Queens,M,4223,2231,277,5545.0,3739.0,5333.0,3188.0,5677.0,4273.0,6002.0,5103.0,6131.0,4919.0,-1907.0,-2689.0,323.0,382,-5.47,-3.11,40.706225998,-73.895898002,M-all times,1,405
Fulton Street - G,Brooklyn,G,5364,6198,278,3956.0,5363.0,4266.0,5702.0,4502.0,6274.0,4954.0,7089.0,5096.0,6288.0,268.0,-90.0,283.0,256,-0.14,0.53,40.687119,-73.975374998,G-all times,1,302
Fulton Street,Manhattan,2-3-4-5-A-C-J-Z,91771,64621,279,62779.0,40109.0,64461.0,42662.0,69444.0,44299.0,74676.0,48634.0,85441.0,61805.0,6331.0,2815.0,5.0,11,0.46,0.74,40.710162165,-74.007623093,"2,4,A,J-all times, 3-all times exc nights, 5-weekdays C-all times exc nights, Z-rush hours AM westbound, PM eastbound",1,101
Gates Avenue,Brooklyn,J-Z,7111,8358,280,5964.0,7464.0,5999.0,6685.0,6277.0,7101.0,6521.0,8053.0,6602.0,7937.0,508.0,421.0,227.0,203,0.53,0.77,40.689583999,-73.922156002,"Z-rush hours AM westbound, PM eastbound, J-all other times",1,304
Graham Avenue,Brooklyn,L,10536,11572,281,9889.0,11215.0,10136.0,11089.0,10643.0,12774.0,10504.0,11396.0,10483.0,11996.0,53.0,-424.0,157.0,147,-0.35,0.05,40.714575998,-73.943943999,L-all times,1,301
Grand Army Plaza,Brooklyn,2-3-4 train,7452,6746,282,8068.0,8908.0,8066.0,9159.0,7971.0,8638.0,7731.0,842.0,7735.0,8216.0,-283.0,-147.0,214.0,242,-1.79,-0.37,40.675294695,-73.970956332,"4-nights, 3-all other times, 2-all times",1,306
Grand Avenue - Newtown,Queens,E-M-R,18754,18805,283,18108.0,22147.0,18298.0,21481.0,18413.0,21475.0,18955.0,21443.0,19373.0,20303.0,-619.0,-1498.0,78.0,84,-0.74,-0.32,40.736813418,-73.877220857,"E-nights, R-all other times, M-weekdays and evenings",1,404
Grand Central - 42nd Street,Manhattan,"4-5-6-7-6,7 Express-S",154711,103578,284,150266.0,99936.0,153861.0,105452.0,157899.0,108091.0,160294.0,109137.0,15858.0,104291.0,-3869.0,-713.0,2.0,4,-0.07,-0.24,40.752768667,-73.979189,"4,6,7-all times, 5-all times exc nights, 6 Express-weekdays AM southbound, PM northbound, 7 Express-rush hours AM westbound, PM eastboundS to Times Sq-all times exc nights, closed nights-use 7",1,105
Grand Street - B-D,Manhattan,B-D,24460,26192,285,23406.0,32714.0,23771.0,35565.0,24153.0,36238.0,24281.0,33632.0,24649.0,29977.0,-189.0,-3785.0,51.0,44,-1.26,-0.08,40.718267,-73.993752999,"B-weekdays and evenings, D-all times",1,103
Grand Street - L,Brooklyn,L,7317,7369,286,7171.0,6449.0,7444.0,6672.0,7824.0,7787.0,7307.0,703.0,6977.0,7256.0,340.0,113.0,218.0,226,0.16,0.49,40.711576001,-73.940496999,L-all times,1,301
Grant Avenue,Brooklyn,A-S,6318,6291,287,6291.0,6929.0,6271.0,6593.0,6475.0,7169.0,6696.0,6901.0,7044.0,6795.0,-726.0,-505.0,249.0,252,-0.74,-1.03,40.677044001,-73.865049999,"A-all times, S Euclid Av to Ozone Park-Lefferts Blvd-nights",1,305
Greenpoint Avenue,Brooklyn,G,9648,8807,288,8212.0,8545.0,8461.0,7076.0,7819.0,8051.0,9191.0,10364.0,9413.0,10109.0,235.0,-1302.0,171.0,196,-1.29,0.25,40.731267,-73.954425001,G-all times,1,301
Gun Hill Road - 2-5,Bronx,2-5 train,7639,8954,289,7212.0,7899.0,7339.0,7985.0,7752.0,9233.0,7791.0,8528.0,7714.0,9261.0,-75.0,-307.0,208.0,193,-0.33,-0.1,40.877839385,-73.866134105,"2-all times, 5-rush hours AM southbound, PM northbound",1,212
Gun Hill Road - 5,Bronx,5,5654,2167,290,5953.0,4911.0,6002.0,4825.0,6038.0,3241.0,5881.0,2489.0,5886.0,2079.0,-232.0,88.0,273.0,386,0.42,-0.39,40.869526,-73.846384002,5-all times,1,211
Halsey Street - J,Brooklyn,J,6616,8226,291,5651.0,7075.0,5805.0,6683.0,6174.0,7284.0,6411.0,8262.0,649.0,815.0,126.0,76.0,238.0,211,0.09,0.19,40.686415271,-73.916638884,J-all times,1,304
Halsey Street - L,Brooklyn,L,8781,10054,292,6904.0,7458.0,7308.0,8382.0,7721.0,9661.0,7932.0,8087.0,8426.0,8731.0,355.0,1323.0,188.0,171,1.52,0.42,40.695518001,-73.903934001,L-all times,1,405
Harlem - 148th Street,Manhattan,3,3899,4025,293,3616.0,3786.0,3791.0,3777.0,3952.0,3745.0,4096.0,4157.0,4017.0,3597.0,-118.0,428.0,332.0,317,1.19,-0.29,40.823880001,-73.93647,3-all times,1,110
Hewes Street,Brooklyn,J-M,2861,3048,294,2811.0,3528.0,2859.0,3627.0,2859.0,3222.0,2992.0,4042.0,2866.0,3291.0,-5.0,-243.0,377.0,355,-0.74,-0.02,40.706889998,-73.953488,"J-all times, skips weekdays AM westbound, PM eastbound, M-all times exc nights",1,301
High Street,Brooklyn,A-C,9215,11529,295,7051.0,8106.0,7543.0,9518.0,8174.0,11042.0,8479.0,884.0,8701.0,5437.0,514.0,6092.0,180.0,151,11.2,0.59,40.699337,-73.990531001,"A-all times, C-all times exc nights",1,302
Houston Street,Manhattan,1-2 train,15283,8341,296,15247.0,8851.0,15736.0,9365.0,15878.0,9686.0,15286.0,9088.0,15333.0,8717.0,-50.0,-376.0,99.0,204,-0.43,-0.03,40.728251001,-74.005367002,"1-all times, 2-nights",1,102
Howard Beach - JFK Airport,Queens,A,3292,5145,297,3227.0,4751.0,4972.0,6509.0,2835.0,4349.0,3059.0,474.0,3011.0,4365.0,281.0,780.0,357.0,287,1.79,0.93,40.660476,-73.830301001,A-all times,1,483
Hoyt Street,Brooklyn,2-3 train,7637,3666,298,6711.0,5562.0,6657.0,6272.0,7138.0,6708.0,7342.0,7043.0,7615.0,7619.0,22.0,-3953.0,209.0,331,-5.19,0.03,40.690544185,-73.985063796,"2-all times, 3-all times exc nights",1,302
Hoyt-Schermerhorn Streets,Brooklyn,A-C-G,10319,11877,299,9928.0,9428.0,9604.0,9754.0,9672.0,9182.0,9818.0,9961.0,9894.0,10339.0,425.0,1538.0,159.0,144,1.49,0.43,40.688408476,-73.98503624,"A,G-all times, C-all times exc nights",1,302
Hunters Point Avenue,Queens,7-7 Express,7283,2765,300,6521.0,1442.0,6401.0,1542.0,6666.0,1738.0,6803.0,215.0,7292.0,2523.0,-9.0,242.0,220.0,366,0.96,-0.01,40.742216,-73.948916001,"7-all times, 7 Express-rush hours AM westbound, PM eastbound",1,402
Hunts Point Avenue,Bronx,6-6 Express,10646,9903,301,10389.0,11168.0,10144.0,10574.0,10111.0,10352.0,10484.0,1167.0,10651.0,10136.0,-5.0,-233.0,155.0,175,-0.23,0.0,40.820947999,-73.890549,"6-all times, 6 Express-weekdays AM southbound, PM northbound",1,202
Intervale Avenue,Bronx,2-5 train,3377,3431,302,3121.0,2853.0,3421.0,3239.0,3571.0,3388.0,3472.0,2832.0,3423.0,3435.0,-46.0,-4.0,353.0,342,-0.01,-0.13,40.822142131,-73.896617385,"2-all times, 5-all times exc nights, skips rush hours AM southbound, PM northbound",1,202
Inwood - 207th Street,Manhattan,A,9217,1111,303,8717.0,11333.0,8866.0,11856.0,9136.0,12131.0,9317.0,12944.0,935.0,9526.0,-133.0,1584.0,179.0,156,1.66,-0.14,40.868072,-73.919899001,A-all times,1,112
Jackson Avenue,Bronx,2-5 train,5766,6011,304,5061.0,4578.0,5432.0,5497.0,5631.0,5781.0,5705.0,5063.0,5752.0,6071.0,14.0,-60.0,270.0,261,-0.1,0.02,40.816437467,-73.907701939,"2-all times, 5-all times exc nights, skips rush hours AM southbound, PM northbound",1,201
Jamaica Center - Parsons-Archer,Queens,E-J-Z,39326,29466,305,41131.0,35186.0,41686.0,34681.0,42261.0,37145.0,42115.0,34737.0,41603.0,34062.0,-2277.0,-4596.0,23.0,38,-1.35,-0.55,40.702067376,-73.801096323,"E,J-all times, Z-rush hours AM westbound, PM eastbound",1,412
Jamaica - 179th Street,Queens,F,22421,14061,306,23331.0,17189.0,23281.0,17318.0,23093.0,17249.0,23417.0,17197.0,23121.0,16265.0,-700.0,-2204.0,62.0,118,-1.36,-0.3,40.712645667,-73.783817002,F-all times,1,412
Jamaica - Van Wyck,Queens,E,4972,5407,307,4931.0,5876.0,4992.0,5422.0,5121.0,5201.0,5092.0,4532.0,5022.0,4672.0,-50.0,735.0,299.0,277,1.57,-0.1,40.702898553,-73.817012871,E-all times,1,409
Jay Street - MetroTech,Brooklyn,A-C-F-R,43833,34871,308,39561.0,29899.0,40183.0,29107.0,41405.0,30651.0,43456.0,31485.0,44267.0,33452.0,-434.0,1419.0,19.0,26,0.42,-0.1,40.692470637,-73.987218153,"A,F,R-all times, C-all times exc nights",1,302
Jefferson Street,Brooklyn,L,7807,10753,309,5951.0,7613.0,6612.0,8282.0,7231.0,10724.0,7565.0,10807.0,7639.0,11286.0,168.0,-533.0,200.0,158,-0.47,0.22,40.706606666,-73.922913,L-all times,1,304
Junction Boulevard,Queens,7-7 Express,21751,28592,310,20938.0,28341.0,20818.0,27841.0,21116.0,28848.0,21557.0,28901.0,22051.0,29702.0,-300.0,-111.0,66.0,41,-0.37,-0.14,40.749144999,-73.869527001,"7-all times, 7 Express-rush hours AM westbound, PM eastbound",1,404
Junius Street,Brooklyn,3-4 train,970,934,311,2204.0,1948.0,2206.0,2337.0,2361.0,2293.0,3043.0,2747.0,2231.0,2053.0,-1260.0,-1119.0,416.0,411,-5.45,-5.65,40.663589002,-73.902448642,"4-nights, 3-all other times",1,316
Kew Gardens - Union Turnpike,Queens,E-F,26493,19813,312,27884.0,24355.0,28289.0,25971.0,27693.0,24147.0,27558.0,24732.0,27085.0,22088.0,-592.0,-2275.0,44.0,77,-1.03,-0.22,40.71403482,-73.830370271,"E,F-all times",1,409
Kings Highway - F,Brooklyn,F,5186,3844,313,3681.0,3563.0,3655.0,3706.0,3616.0,3967.0,3726.0,4694.0,4637.0,3903.0,549.0,-59.0,286.0,325,-0.15,1.18,40.603258405,-73.972355309,F-all times,1,315
Kings Highway - N,Brooklyn,N,2891,3205,314,5104.0,6212.0,5154.0,5818.0,5344.0,5945.0,5482.0,5696.0,1489.0,1712.0,1402.0,1493.0,375.0,348,8.72,9.42,40.604059,-73.980373002,N-all times,1,311
Kings Highway - B-Q,Brooklyn,B-Q,19975,17673,315,18422.0,15484.0,18799.0,16687.0,19011.0,15539.0,19501.0,17206.0,20094.0,16302.0,-119.0,1371.0,73.0,87,0.84,-0.06,40.608638645,-73.957608735,"B-weekdays and evenings, Q-all times",1,315
Kingsbridge Road - 4,Bronx,4,9783,9858,316,10377.0,10587.0,10431.0,9915.0,10231.0,9927.0,10107.0,10965.0,9998.0,10531.0,-215.0,-673.0,167.0,176,-0.64,-0.22,40.867760001,-73.897174001,4-all times,1,207
Kingsbridge Road - B-D,Bronx,B-D,8237,9086,317,7184.0,8373.0,7422.0,9193.0,7975.0,9756.0,8006.0,8995.0,8144.0,8903.0,93.0,183.0,196.0,189,0.21,0.11,40.866978,-73.893509,"B-rush hours, D-all times",1,207
Kingston Avenue,Brooklyn,3-4 train,4703,5057,318,4929.0,5052.0,4949.0,5126.0,5017.0,5189.0,4999.0,543.0,4977.0,5219.0,-274.0,-162.0,307.0,291,-0.31,-0.55,40.669481449,-73.942159784,"4-nights, 3-all other times",1,308
Kingston-Throop Avenues,Brooklyn,A-C,6564,7644,319,5331.0,6751.0,5678.0,7121.0,5968.0,6701.0,6211.0,7536.0,635.0,7544.0,214.0,100.0,242.0,222,0.13,0.34,40.679918999,-73.940858999,"A-nights, C-all other times",1,303
Knickerbocker Avenue,Brooklyn,M,2077,1121,320,2351.0,2115.0,3429.0,2598.0,3806.0,3274.0,4104.0,4468.0,4228.0,3846.0,-2151.0,-2725.0,395.0,405,-7.09,-5.09,40.698660001,-73.919720002,M-all times,1,304
Kosciuszko Street,Brooklyn,J,6143,7671,321,4592.0,6072.0,4751.0,5546.0,4761.0,5663.0,4927.0,62.0,5118.0,6517.0,1025.0,1154.0,255.0,219,1.77,2.0,40.693172001,-73.928508999,J-all times,1,304
Lafayette Avenue,Brooklyn,A-C,4843,7201,322,4774.0,7164.0,4825.0,7577.0,4857.0,7002.0,4849.0,7329.0,4888.0,7245.0,-45.0,-44.0,301.0,231,-0.06,-0.09,40.686113,-73.973945998,"A-nights, C-all other times",1,302
Lexington Avenue,Manhattan,4-6-E-M,58467,56014,323,67478.0,69374.0,67841.0,74118.0,69332.0,72247.0,68988.0,71184.0,67684.0,68953.0,-9217.0,-12939.0,12.0,14,-1.88,-1.36,40.757107,-73.971920001,"4-nights, 6,E-all times, 6 Express-weekdays AM southbound, PM northbound, M-weekdays and evenings",1,106
Lexington Avenue - 53rd Street,Manhattan,4-5-6-6 Express-N-R-W,66118,39678,324,67821.0,42957.0,69973.0,4526.0,70606.0,46802.0,70686.0,45716.0,6975.0,39505.0,-3632.0,173.0,9.0,23,0.04,-0.52,40.762526,-73.967967,"4,6,N-all times, 5-all times exc nights, 6 Express-weekdays AM southbound, PM northbound, R-all times exc nights, W part time",1,108
Lexington Avenue - 63rd Street,Manhattan,F-Q,20893,2003,325,15639.0,12191.0,15404.0,9928.0,15493.0,9863.0,16098.0,11517.0,16988.0,13089.0,3905.0,6941.0,68.0,74,5.3,2.3,40.764618094,-73.966089644,"F,Q-all times",1,108
Liberty Avenue,Brooklyn,A-C,2933,2588,326,2632.0,2536.0,2658.0,2449.0,2639.0,2488.0,2781.0,2773.0,302.0,2765.0,-87.0,-177.0,372.0,372,-0.64,-0.29,40.674542,-73.896548001,"A-nights, C-all other times",1,305
Livonia Avenue,Brooklyn,L,3264,3461,327,2908.0,3198.0,2959.0,3288.0,3078.0,3715.0,3269.0,3039.0,3418.0,3126.0,-154.0,335.0,361.0,341,1.07,-0.45,40.664057271,-73.900562372,L-all times,1,316
Longwood Avenue,Bronx,6,3518,3487,328,3476.0,3589.0,3494.0,3635.0,3531.0,3641.0,3482.0,3692.0,3517.0,3365.0,1.0,122.0,345.0,338,0.36,0.0,40.816104,-73.896434999,6-all times,1,202
Lorimer Street - J-M,Brooklyn,J-M,5161,5583,329,4779.0,5463.0,4796.0,5503.0,4836.0,4933.0,5071.0,592.0,5138.0,5194.0,23.0,389.0,287.0,272,0.75,0.04,40.703844,-73.947354999,"J-all times, skips weekdays AM westbound, PM eastbound, M-all times exc nights",1,301
Lorimer Street - G-L,Brooklyn,G-L,14752,23285,330,13344.0,24022.0,14004.0,27339.0,14573.0,25444.0,15131.0,2564.0,15082.0,24167.0,-330.0,-882.0,106.0,58,-0.36,-0.22,40.714072001,-73.950248,G-L-all times,1,301
Marble Hill - 225th Street,Manhattan,1,5473,6168,331,5381.0,6846.0,5456.0,6079.0,5766.0,6879.0,5732.0,6343.0,5636.0,6137.0,-163.0,31.0,280.0,258,0.05,-0.29,40.874560999,-73.909830999,1-all times,1,108
Marcy Avenue,Brooklyn,J-M-Z,13377,14486,332,11591.0,12181.0,11775.0,12353.0,12547.0,13774.0,13276.0,15165.0,13815.0,13808.0,-438.0,678.0,119.0,113,0.49,-0.32,40.708383,-73.957832001,"J-all times, M-all times exc nights, Z-rush hours AM westbound, PM eastbound",1,301
Mets-Willets Point,Queens,7-7 Express,5028,10608,333,4618.0,9273.0,4675.0,12709.0,4555.0,12295.0,5244.0,14507.0,5367.0,11209.0,-339.0,-601.0,294.0,159,-0.54,-0.63,40.754621999,-73.845624998,"7-all times, 7 Express-rush hours AM westbound, PM eastbound",1,481
Middle Village - Metropolitan Avenue,Queens,M,3064,1753,334,4053.0,3268.0,4092.0,2901.0,4318.0,3733.0,4489.0,4031.0,4531.0,3868.0,-1466.0,-2115.0,370.0,393,-5.47,-3.24,40.711431305,-73.88957723,M-all times,1,405
Middletown Road,Bronx,6-6 Express,2102,1403,335,1969.0,1372.0,1514.0,1039.0,2273.0,1528.0,2726.0,1879.0,2066.0,1315.0,36.0,88.0,394.0,401,0.67,0.17,40.843863001,-73.836321998,"6 Express-weekdays AM southbound, PM northbound, 6-all other times",1,210
Montrose Avenue,Brooklyn,L,7021,9644,336,6452.0,8431.0,6731.0,8525.0,6961.0,10343.0,7025.0,10039.0,7007.0,10119.0,14.0,-475.0,232.0,179,-0.47,0.02,40.707391064,-73.939792847,L-all times,1,301
Morgan Avenue,Brooklyn,L,7769,11465,337,6821.0,10151.0,7126.0,10289.0,7298.0,12074.0,7221.0,11294.0,7592.0,1248.0,177.0,-1015.0,202.0,152,-0.81,0.23,40.706151667,-73.933147,L-all times,1,301
Morris Park,Bronx,5,2527,802,338,2083.0,1255.0,2211.0,1268.0,2253.0,874.0,2319.0,679.0,2487.0,779.0,40.0,23.0,383.0,417,0.3,0.16,40.854364,-73.860495001,5-all times,1,211
Morrison Avenue - Soundview,Bronx,6,6742,7541,339,6582.0,7494.0,6588.0,7664.0,6669.0,7811.0,6628.0,7447.0,6755.0,7521.0,-13.0,20.0,236.0,224,0.03,-0.02,40.829521002,-73.874515999,6-all times,1,209
Mosholu Parkway,Bronx,4,8770,8527,340,9596.0,9261.0,9588.0,8681.0,9459.0,8721.0,9252.0,9816.0,9135.0,9256.0,-365.0,-729.0,189.0,201,-0.79,-0.4,40.879749999,-73.884655,4-all times,1,207
Mount Eden Avenue,Bronx,4,5512,5612,341,5859.0,6444.0,5995.0,5851.0,5891.0,5899.0,5817.0,6623.0,5771.0,6435.0,-258.0,-823.0,278.0,271,-1.28,-0.45,40.844434001,-73.914684999,4-all times,1,204
Myrtle Avenue,Brooklyn,J-M-Z,13222,15648,342,10098.0,13372.0,10876.0,14546.0,11048.0,13088.0,11424.0,14285.0,11801.0,13814.0,1421.0,1834.0,123.0,101,1.33,1.2,40.697195001,-73.935623001,"J,M-all times, Z-rush hours AM westbound, PM eastbound",1,303
Myrtle-Willoughby Avenues,Brooklyn,G,5743,5547,343,4581.0,5353.0,4916.0,5968.0,5331.0,6669.0,5783.0,7382.0,5889.0,7043.0,-146.0,-1496.0,271.0,274,-2.12,-0.25,40.694618999,-73.949066999,G-all times,1,303
Myrtle-Wyckoff Avenues,Brooklyn,L-M,22434,29498,344,17537.0,23285.0,18167.0,24951.0,19203.0,27345.0,19491.0,27639.0,19673.0,27784.0,2761.0,1714.0,61.0,37,0.62,1.4,40.699471062,-73.910975718,"L,M-all times",1,304
Nassau Avenue,Brooklyn,G,9105,8243,345,8096.0,8344.0,8435.0,9304.0,8765.0,9747.0,9066.0,11249.0,9151.0,956.0,-45.0,-1317.0,183.0,209,-1.38,-0.05,40.724479998,-73.951183,G-all times,1,301
Neck Road,Brooklyn,Q,4441,4594,346,3834.0,3461.0,3941.0,3922.0,4033.0,3758.0,4207.0,429.0,4354.0,4119.0,87.0,475.0,316.0,303,1.15,0.2,40.595321691,-73.955078275,Q-all times,1,315
Neptune Avenue,Brooklyn,F,1658,1039,347,1705.0,1441.0,1749.0,1434.0,1698.0,1485.0,1807.0,1282.0,1742.0,1254.0,-84.0,-215.0,407.0,407,-1.71,-0.48,40.580738758,-73.974592728,F-all times,1,313
Nereid Avenue,Bronx,2-5 train,3631,2933,348,3603.0,3396.0,3878.0,3841.0,3851.0,3725.0,3817.0,3501.0,3753.0,3188.0,-122.0,-255.0,342.0,359,-0.8,-0.33,40.898286516,-73.854315311,"2-all times, 5-rush hours AM southbound, PM northbound",1,212
Nevins Street,Brooklyn,2-3-4-5,10699,10231,349,11653.0,10022.0,11468.0,10342.0,11752.0,10877.0,10896.0,9902.0,10716.0,8999.0,-17.0,1232.0,153.0,169,1.37,-0.02,40.68831058,-73.980406799,"2,4-all times, 3-all times exc nights, 5-weekdays",1,302
New Lots Avenue - 3-4,Brooklyn,3-4 train,6087,4803,350,6214.0,5436.0,6349.0,6511.0,6626.0,6407.0,7133.0,6055.0,6855.0,5686.0,-768.0,-883.0,258.0,298,-1.55,-1.12,40.666314933,-73.884110708,"4-nights, 3-all other times",1,305
New Lots Avenue - L,Brooklyn,L,5291,5387,351,4475.0,4744.0,4785.0,5145.0,5005.0,5651.0,5244.0,4697.0,5431.0,4706.0,-141.0,681.0,284.0,278,1.45,-0.26,40.658914774,-73.899277961,L-all times,1,316
New Utrecht Avenue,Brooklyn,D-N,5217,5972,352,5883.0,8504.0,5159.0,6243.0,5271.0,6881.0,5551.0,8226.0,5602.0,6504.0,-385.0,-532.0,285.0,261,-0.82,-0.69,40.626224463,-73.99685725,"D,N-all times",1,311
Newkirk Avenue,Brooklyn,2-5 train,7600,7008,353,7604.0,6854.0,7757.0,7661.0,8015.0,7145.0,8035.0,7853.0,7841.0,7192.0,-240.0,-184.0,210.0,236,-0.26,-0.31,40.639991243,-73.948299908,"2-all times, 5-weekdays",1,317
Newkirk Plaza,Brooklyn,B-Q,10728,11558,354,9891.0,10004.0,10788.0,11613.0,10707.0,10491.0,10864.0,1221.0,10842.0,10122.0,-114.0,1436.0,152.0,149,1.42,-0.11,40.635141937,-73.962694868,"B-weekdays and evenings, Q-all times",1,314
Northern Boulevard,Queens,E-M-R,7107,6133,355,7201.0,7587.0,7235.0,7285.0,7431.0,7304.0,7428.0,7178.0,7413.0,6821.0,-306.0,-688.0,228.0,259,-1.01,-0.41,40.752824829,-73.906065081,"E-nights, R-all other times, M-weekdays and evenings",1,402
Norwood Avenue,Brooklyn,J-Z,3437,3482,356,3518.0,3957.0,3492.0,3754.0,3603.0,4167.0,3639.0,4249.0,3613.0,4099.0,-176.0,-617.0,351.0,341,-1.51,-0.49,40.68152,-73.879625999,"Z-rush hours AM westbound, PM eastbound, J-all other times",1,305
Norwood - 205th Street,Bronx,D,8751,9127,357,7872.0,9025.0,8043.0,9562.0,8466.0,10155.0,8641.0,1007.0,8897.0,9797.0,-146.0,-670.0,190.0,188,-0.68,-0.16,40.874811,-73.878854999,D-all times,1,207
Nostrand Avenue - D,Brooklyn,A-C,4066,4771,358,4113.0,5192.0,4151.0,4942.0,4268.0,4925.0,4306.0,5241.0,4239.0,5032.0,-173.0,-262.0,328.0,299,-0.52,-0.41,40.680438,-73.950426001,"A-all times, C-all times exc nights",1,303
Nostrand Avenue - 3-4,Brooklyn,3-4 train,18035,22803,359,16439.0,21437.0,16843.0,22421.0,17062.0,19979.0,17791.0,22586.0,18231.0,22197.0,-196.0,606.0,79.0,61,0.27,-0.11,40.669938151,-73.950426249,"4-nights, 3-all other times",1,308
Ocean Parkway,Brooklyn,Q,3251,3548,360,3155.0,3542.0,3141.0,3465.0,3124.0,3167.0,3203.0,3751.0,3211.0,3597.0,40.0,-49.0,363.0,337,-0.14,0.12,40.576311667,-73.968501,Q-all times,1,313
Ozone Park - Lefferts Boulevard,Queens,A-S,7722,6307,361,7461.0,6976.0,7476.0,6568.0,7641.0,5764.0,7732.0,4545.0,8023.0,5538.0,-301.0,769.0,204.0,249,1.39,-0.38,40.685950999,-73.825797999,"S to Euclid Av-nights, A-all other times",1,410
Park Place,Brooklyn,S,1818,2068,362,2201.0,2397.0,2077.0,2148.0,1968.0,1958.0,1922.0,2072.0,1851.0,1903.0,-32.0,165.0,404.0,388,0.87,-0.17,40.674771667,-73.957624001,S Franklin Av-Fulton Street to Prospect Park-all times,1,308
Parkchester,Bronx,6-6 Express,16310,17051,363,15191.0,16261.0,16614.0,18063.0,17746.0,19613.0,16572.0,18457.0,16561.0,17932.0,-251.0,-881.0,93.0,91,-0.49,-0.15,40.833225999,-73.860816001,"6-all times, 6 Express-weekdays AM southbound, PM northbound",1,209
Parkside Avenue,Brooklyn,Q,5898,8295,364,5729.0,6891.0,4241.0,5426.0,4969.0,6381.0,5266.0,6387.0,5524.0,6844.0,374.0,1451.0,263.0,207,2.12,0.68,40.655073042,-73.96145344,Q-all times,1,309
Parsons Boulevard,Queens,F,6593,5905,365,6329.0,6741.0,6463.0,7174.0,6541.0,7096.0,6641.0,742.0,6644.0,6736.0,-51.0,-831.0,240.0,263,-1.23,-0.08,40.707572,-73.803289,F-all times,1,412
Pelham Bay Park,Bronx,6-6 Express,7185,6991,366,6688.0,6516.0,6772.0,6804.0,7442.0,7778.0,7432.0,8134.0,7213.0,6733.0,-28.0,258.0,224.0,237,0.38,-0.04,40.852462,-73.828121001,"6 Express-weekdays AM southbound, PM northbound, 6-all other times",1,210
Pelham Parkway - 2-5,Bronx,2-5 train,9173,9452,367,9288.0,10246.0,9614.0,10637.0,9688.0,11322.0,9774.0,10586.0,9441.0,10022.0,-268.0,-570.0,182.0,183,-0.57,-0.28,40.857192409,-73.867480679,"2-all times, 5-rush hours AM southbound, PM northbound",1,211
Pelham Parkway - 5,Bronx,5,3237,866,368,3314.0,1746.0,3254.0,1673.0,3304.0,1211.0,3303.0,944.0,3332.0,858.0,-95.0,8.0,364.0,413,0.09,-0.29,40.858985,-73.855359,5-all times,1,211
Pennsylvania Avenue,Brooklyn,3-4 train,3503,3027,369,5696.0,4783.0,5675.0,5577.0,5718.0,5303.0,6997.0,5902.0,2485.0,2206.0,1018.0,821.0,346.0,356,3.72,4.1,40.664714451,-73.894885912,"4-nights, 3-all other times",1,305
President Street,Brooklyn,2-5 train,4113,3296,370,3815.0,3395.0,3969.0,3745.0,4092.0,3255.0,4121.0,352.0,4114.0,3204.0,-1.0,92.0,327.0,345,0.29,0.0,40.667883604,-73.9505892,"2-all times, 5 weekdays",1,309
Prince Street,Manhattan,N-Q-R-W,14400,24575,371,16344.0,25952.0,15261.0,24428.0,15404.0,25668.0,15597.0,26154.0,15424.0,25371.0,-1024.0,-796.0,108.0,49,-0.31,-0.66,40.724328666,-73.997702,"N-all times, Q-nights, R-all times exc nights",1,102
Prospect Avenue - 2-5,Bronx,2-5 train,7704,8324,372,7053.0,6521.0,7424.0,7683.0,7857.0,8085.0,7908.0,6935.0,8004.0,8587.0,-300.0,-263.0,205.0,206,-0.31,-0.37,40.819487265,-73.901777787,"2-all times, 5-all times exc nights, skips rush hours AM southbound, PM northbound",1,201
Prospect Avenue - D-N-R,Brooklyn,D-N-R,3199,2691,373,6147.0,6018.0,5934.0,5806.0,5943.0,5792.0,5896.0,5241.0,5842.0,4944.0,-2643.0,-2254.0,367.0,369,-4.56,-4.52,40.665413667,-73.992872001,"D,N-nights, R-all other times",1,307
Prospect Park,Brooklyn,B-Q-S,10234,15104,374,9024.0,11561.0,9761.0,12864.0,9715.0,15404.0,10033.0,14105.0,9995.0,13301.0,239.0,1803.0,161.0,105,1.36,0.24,40.661633455,-73.962031304,"B-weekdays and evenings, Q,S to Franklin Av-Fulton Street-all times",1,309
Queens Plaza,Queens,E-M-R,11369,9041,375,9695.0,6051.0,9696.0,7189.0,10125.0,7987.0,10475.0,8111.0,10652.0,7574.0,717.0,1466.0,145.0,191,1.94,0.67,40.74891772,-73.93713824,"E-all times, M-weekdays and evenings, R-all times exc nights",1,401
Queensboro Plaza,Queens,7-7 Express-N-W,13502,20654,376,10752.0,12254.0,11132.0,13611.0,11554.0,15734.0,11786.0,14352.0,12936.0,14891.0,566.0,5763.0,118.0,69,3.87,0.44,40.750635651,-73.940163535,"7,N-all times, 7 Express-rush hours AM westbound, PM eastbound, W part time",1,402
Ralph Avenue,Brooklyn,A-C,5936,7063,377,5175.0,6042.0,5381.0,6391.0,5571.0,6719.0,5796.0,7162.0,5801.0,6984.0,135.0,79.0,261.0,232,0.11,0.23,40.678822001,-73.920785999,"A-nights, C-all other times",1,316
Rector Street - 1,Manhattan,1,9453,8509,378,10065.0,9776.0,11323.0,9328.0,10869.0,11503.0,10625.0,6098.0,9788.0,5566.0,-335.0,2943.0,175.0,202,5.29,-0.34,40.707513,-74.013783001,1-all times,1,101
Rector Street - R-W,Manhattan,R-W,7092,7654,379,6912.0,5985.0,5362.0,2917.0,4127.0,1252.0,6157.0,6066.0,6524.0,6972.0,568.0,682.0,229.0,221,0.98,0.87,40.707744756,-74.012974563,"W-nights, R-all other times",1,101
Rockaway Avenue - 3-4,Brooklyn,3-4 train,5642,459,380,5636.0,4906.0,5632.0,5802.0,5735.0,5536.0,1691.0,1777.0,5122.0,4078.0,520.0,512.0,275.0,305,1.26,1.02,40.662617488,-73.908958336,"4-nights, 3-all other times",1,316
Rockaway Avenue - A-C,Brooklyn,A-C,5715,6268,381,5089.0,5512.0,5137.0,5616.0,5223.0,5681.0,5443.0,6136.0,5678.0,6188.0,37.0,80.0,272.0,253,0.13,0.07,40.67834,-73.911945997,"A-nights, C-all other times",1,316
Rockaway Boulevard,Queens,A-S,7786,7211,382,8045.0,7989.0,8662.0,7903.0,8474.0,7631.0,5691.0,5142.0,7683.0,7763.0,103.0,-552.0,201.0,231,-0.71,0.13,40.680429,-73.843852998,"A-all times, S Euclid Av to Ozone Park-Lefferts Blvd-nights",1,410
Rockaway Park - Beach 116th Street,Queens,A-S,683,1091,383,7411.0,1143.0,379.0,703.0,677.0,1053.0,747.0,1137.0,727.0,1167.0,-44.0,-76.0,421.0,406,-0.65,-0.61,40.580955866,-73.835590087,"A-rush hours AM northbound, PM southbound, S to Broad Channel-all times",1,414
Roosevelt Island,Manhattan,F,7354,9005,384,6431.0,7571.0,6321.0,6123.0,5998.0,6201.0,6197.0,7101.0,6631.0,7677.0,724.0,1328.0,217.0,192,1.73,1.09,40.759172,-73.953235,F-all times,1,108
Saratoga Avenue,Brooklyn,3-4 train,5777,4288,385,5697.0,4525.0,5807.0,5451.0,5933.0,5137.0,8148.0,6568.0,4006.0,3373.0,1771.0,915.0,268.0,311,2.71,4.42,40.66152979,-73.91633025,"4-nights, 3-all other times",1,316
Seneca Avenue,Queens,M,1576,931,386,2461.0,1851.0,2428.0,1653.0,2545.0,1957.0,2726.0,2712.0,2832.0,241.0,-1256.0,-148.0,408.0,411,-6.14,-4.44,40.702918999,-73.907581999,M-all times,1,405
Sheepshead Bay,Brooklyn,B-Q,14311,12146,387,14083.0,11495.0,1401.0,11712.0,14118.0,11092.0,14304.0,11984.0,14477.0,11562.0,-166.0,584.0,111.0,141,0.51,-0.11,40.586547547,-73.954057913,"B-weekdays and evenings, Q-all times",1,315
Shepherd Avenue,Brooklyn,A-C,3337,3486,388,3034.0,3405.0,3149.0,3408.0,3263.0,3586.0,3371.0,3669.0,3393.0,3529.0,-56.0,-43.0,355.0,339,-0.12,-0.17,40.674130001,-73.880749997,"A-nights, C-all other times",1,305
Simpson Street,Bronx,2-5 train,9446,10334,389,9243.0,9045.0,9672.0,10311.0,9948.0,10691.0,9981.0,9234.0,968.0,10504.0,-234.0,-170.0,176.0,165,-0.16,-0.24,40.823976841,-73.893066395,"2-all times, 5-all times exc nights, skips rush hours AM southbound, PM northbound",1,202
Smith-9th Streets,Brooklyn,F-G,4714,5289,390,1.0,0.0,2854.0,3664.0,4762.0,6001.0,5084.0,6299.0,4861.0,5391.0,-147.0,-102.0,306.0,283,-0.19,-0.3,40.673641061,-73.995891728,"F,G-all times",1,306
South Ferry,Manhattan,1-N-R,33019,33326,391,26576.0,26929.0,20405.0,17996.0,23017.0,22932.0,28809.0,25555.0,29534.0,26858.0,3485.0,6468.0,29.0,31,2.41,1.18,40.701730508,-74.013168959,"1,R-all times, N-nights",1,101
Spring Street - 4-6,Manhattan,4-6-6 Express,11019,16643,392,12153.0,17778.0,12257.0,18557.0,12327.0,19054.0,11543.0,15934.0,1139.0,16329.0,-371.0,314.0,148.0,93,0.19,-0.33,40.722301,-73.997141,"4-nights, 6-all times, 6 Express-weekdays AM southbound, PM northbound",1,102
Spring Street - A-C-E,Manhattan,A-C-E,12361,9191,393,12604.0,10489.0,13136.0,9874.0,13319.0,10639.0,12914.0,9151.0,12775.0,8974.0,-415.0,216.0,134.0,186,0.24,-0.32,40.726227001,-74.003738998,"A-nights, C-all other times, E-all times",1,102
Saint Lawrence Avenue,Bronx,6,4196,4898,394,3852.0,4537.0,3995.0,4805.0,4099.0,4971.0,4185.0,4633.0,4187.0,4776.0,9.0,122.0,324.0,294,0.26,0.02,40.831509001,-73.867617999,6-all times,1,209
Steinway Street,Queens,E-M-R,14867,17555,395,15061.0,20193.0,14769.0,19118.0,14871.0,18764.0,14895.0,182.0,14836.0,16851.0,31.0,704.0,104.0,88,0.42,0.02,40.756987359,-73.920526472,"E-nights, R-all other times, M-weekdays and evenings",1,401
Sterling Street,Brooklyn,2-5 train,5795,5751,396,5899.0,5932.0,5915.0,6567.0,5783.0,5705.0,5802.0,6267.0,5806.0,5869.0,-11.0,-119.0,266.0,265,-0.2,-0.02,40.662772993,-73.950728911,"2-all times, 5-weekdays",1,309
Sutphin Boulevard,Queens,F,4496,3571,397,4761.0,5086.0,4932.0,5397.0,4795.0,4502.0,4851.0,4959.0,4652.0,4134.0,-156.0,-564.0,313.0,335,-1.36,-0.34,40.705417999,-73.810832999,F-all times,1,412
Sutphin Boulevard - Archer Avenue-JFK Airport,Queens,E-J-Z,23843,25234,398,22285.0,25388.0,23012.0,26184.0,23747.0,28862.0,24349.0,28383.0,24796.0,28587.0,-953.0,-3353.0,56.0,48,-1.17,-0.38,40.700382424,-73.80800472,"E,J-all times, Z-rush hours AM westbound, PM eastbound",1,412
Sutter Avenue,Brooklyn,L,4471,4701,399,4437.0,4989.0,4555.0,5279.0,4675.0,5625.0,4727.0,4488.0,4688.0,4318.0,-217.0,383.0,314.0,301,0.89,-0.46,40.669145001,-73.901916,L-all times,1,316
Sutter Avenue - Rutland Road,Brooklyn,3-4 train,3449,3157,400,7713.0,6469.0,7831.0,7764.0,8084.0,7491.0,8031.0,6748.0,6785.0,5547.0,-3336.0,-239.0,349.0,351,-4.31,-4.92,40.664766789,-73.922521185,"4-nights, 3-all other times",1,316
Times Square - 42nd Street,Manhattan,1-2-3-7-7 Express-A-C-E-N-Q-R-S-W,203545,239225,401,195464.0,239674.0,197696.0,242742.0,204908.0,251718.0,206247.0,253004.0,202363.0,23483.0,1182.0,4395.0,1.0,1,0.19,0.06,40.754611999,-73.986768002,"1,2,3,7,N,Q-all times, 7 Express-rush hours AM westbound, PM eastbound, A,E-all times, C,R-all times exc nights, S to Grand Central-all times exc nights, closed nights-use 7, W part time",1,105
Tremont Avenue,Bronx,B-D,10055,10962,402,8882.0,10412.0,9157.0,11386.0,9727.0,12001.0,9981.0,11209.0,10246.0,10921.0,-191.0,41.0,165.0,157,0.04,-0.19,40.85041,-73.905227001,"B-rush hours, D-all times",1,205
Union Street,Brooklyn,D-N-R,6395,5744,403,6935.0,7627.0,6528.0,7321.0,6415.0,7992.0,6599.0,7252.0,6512.0,6713.0,-117.0,-969.0,246.0,266,-1.44,-0.18,40.677315667,-73.983109999,"D,N-nights, R-all other times",1,306
Utica Avenue,Brooklyn,A-C,16408,20225,404,14327.0,17321.0,14673.0,18127.0,15117.0,18822.0,15674.0,19583.0,1606.0,19318.0,348.0,907.0,90.0,72,0.47,0.22,40.679364,-73.930728999,"A-all times, C-all times exc nights",1,303
Van Cortlandt Park - 242nd Street,Bronx,1,7396,6865,405,6641.0,6968.0,6943.0,6966.0,7107.0,6927.0,7338.0,7302.0,7431.0,7317.0,-35.0,-452.0,215.0,239,-0.62,-0.05,40.889248,-73.898583,1-all times,1,208
Van Siclen Avenue - 3-4,Brooklyn,3-4 train,3660,2681,406,3431.0,2834.0,3431.0,3388.0,3438.0,3159.0,989.0,967.0,4194.0,3205.0,-534.0,-524.0,340.0,371,-1.63,-1.27,40.665517963,-73.889404917,"4-nights, 3-all other times",1,305
Van Siclen Avenue - A-C,Brooklyn,A-C,3259,3618,407,2864.0,3307.0,2974.0,3351.0,3051.0,3488.0,3202.0,3718.0,3224.0,3563.0,35.0,55.0,362.0,333,0.15,0.11,40.672709999,-73.890358,"A-nights, C-all other times",1,305
Van Siclen Avenue - J-Z,Brooklyn,J-Z,2901,3145,408,2829.0,3393.0,2883.0,3265.0,2941.0,3562.0,3004.0,3681.0,3067.0,3663.0,-167.0,-518.0,374.0,352,-1.41,-0.54,40.678028214,-73.891657727,"Z-rush hours AM westbound, PM eastbound, J-all other times",1,305
Vernon Boulevard - Jackson Avenue,Queens,7-7 Express,15781,14901,409,11541.0,8612.0,12611.0,9491.0,14123.0,10347.0,14819.0,12582.0,1591.0,14981.0,-129.0,-80.0,95.0,107,-0.05,-0.08,40.742626,-73.953580999,"7-all times, 7 Express-rush hours AM westbound, PM eastbound",1,402
Wakefield - 241 Street,Bronx,2,5129,5027,410,5048.0,6195.0,4825.0,5443.0,5168.0,6451.0,5186.0,6094.0,5213.0,6069.0,-84.0,-1042.0,289.0,292,-1.72,-0.16,40.903125001,-73.850619999,2-all times,1,212
Wall Street - 2-3,Manhattan,2-3 train,26022,6268,411,25682.0,11514.0,26706.0,12562.0,28075.0,12869.0,27242.0,13262.0,27291.0,13671.0,-1269.0,-7403.0,45.0,253,-5.42,-0.46,40.706821,-74.009099998,"2-all times, 3-all times exc nights",1,101
Wall Street - 4-5,Manhattan,4-5 train,20421,9579,412,23992.0,12233.0,25078.0,15682.0,25619.0,16811.0,23595.0,12913.0,22211.0,8953.0,-1791.0,626.0,71.0,181,0.7,-0.81,40.707557001,-74.011861999,"4-all times, 5-weekdays",1,101
West 4th Street - Washington Square,Manhattan,A-B-C-D-E-F-M,41835,59543,413,39157.0,54177.0,40798.0,58299.0,41968.0,60412.0,42761.0,60441.0,42755.0,5644.0,-920.0,3103.0,22.0,12,0.55,-0.22,40.732254493,-74.000308148,"A,D,E,F-all times, B,M-weekdays and evenings, C-all times exc nights",1,102
West 8th Street - New York Aquarium,Brooklyn,F-Q,2404,3146,414,2285.0,3427.0,2069.0,3077.0,2262.0,2967.0,2397.0,3138.0,2421.0,3175.0,-17.0,-29.0,387.0,351,-0.09,-0.07,40.576033818,-73.975957874,"F,Q-all times",1,313
West Farms Square - East Tremont Avenue,Bronx,2-5 train,7657,8074,415,7842.0,8494.0,7979.0,8803.0,8171.0,8875.0,8011.0,723.0,7848.0,8447.0,-191.0,-373.0,207.0,213,-0.44,-0.24,40.840207632,-73.879961279,"2-all times, 5-all times exc nights, skips rush hours AM southbound, PM northbound",1,206
Westchester Square - East Tremont Avenue,Bronx,6-6 Express,6479,4999,416,6663.0,5512.0,6821.0,5674.0,7351.0,5619.0,6912.0,5464.0,6635.0,4784.0,-156.0,215.0,245.0,293,0.45,-0.24,40.839892001,-73.842951999,"6 Express-weekdays AM southbound, PM northbound, 6-all other times",1,210
Whitlock Avenue,Bronx,6,1905,2035,417,1691.0,1857.0,1685.0,1933.0,1707.0,2002.0,1737.0,1864.0,1830.0,1913.0,75.0,122.0,399.0,389,0.64,0.41,40.826525001,-73.886282999,6-all times,1,202
Wilson Avenue,Brooklyn,L,4564,5735,418,3566.0,4064.0,3865.0,4745.0,4248.0,5689.0,4437.0,5011.0,3812.0,4496.0,752.0,1239.0,311.0,267,2.76,1.97,40.688866542,-73.903958605,L-all times,1,304
Winthrop Street,Brooklyn,2-5 train,7317,5306,419,7524.0,5287.0,7639.0,6064.0,7721.0,5481.0,7541.0,5868.0,7272.0,5327.0,45.0,-21.0,218.0,281,-0.04,0.06,40.656659314,-73.950079346,"2-all times, 5-weekdays",1,309
Woodhaven Boulevard - J-Z,Queens,J-Z,5104,3884,420,4464.0,3835.0,4576.0,4255.0,4796.0,5226.0,4941.0,5388.0,4838.0,5099.0,266.0,-1215.0,291.0,322,-2.38,0.55,40.693703999,-73.852051997,"J-all times, Z-rush hours AM westbound, PM eastbound",1,409
Woodhaven Boulevard - E-M-R,Queens,E-M-R,21879,23929,421,22521.0,27847.0,22276.0,27194.0,22156.0,27105.0,22221.0,26745.0,22483.0,2555.0,-604.0,-1621.0,64.0,52,-0.63,-0.27,40.733097374,-73.869432086,"E-nights, R-all other times, M-weekdays and evenings",1,404
Woodlawn,Bronx,4,7260,7271,422,7797.0,8577.0,7776.0,8125.0,7683.0,7686.0,7637.0,8724.0,7623.0,8011.0,-363.0,-73.9,221.0,228,-0.92,-0.48,40.886037,-73.878751,4-all times,1,207
Woodside - 61 Street,Queens,7-7 Express,16945,21067,423,16698.0,20031.0,16559.0,20432.0,16807.0,19669.0,17007.0,20127.0,17236.0,2036.0,-291.0,707.0,84.0,67,0.35,-0.17,40.745630001,-73.902984002,"7-all times, 7 Express-rush hours AM westbound, PM eastbound",1,402
York Street,Brooklyn,F,10373,9945,424,7798.0,7261.0,8629.0,8672.0,8973.0,8783.0,9328.0,9691.0,10246.0,12521.0,127.0,-2576.0,158.0,173,-2.06,0.12,40.699742668,-73.986885,F-all times,1,302
Zerega Avenue,Bronx,6-6 Express,2664,2253,425,2849.0,2523.0,3253.0,2885.0,2012.0,1576.0,1647.0,1327.0,2629.0,208.0,35.0,173.0,381.0,381,0.83,0.13,40.836488001,-73.847035999,"6 Express-weekdays AM southbound, PM northbound, 6-all other times",1,210
